split,model,policy,positive_class,empty_probability_threshold,minimum_empty_window_hours,predicted_empty_window_count,true_empty_window_count,safe_predicted_window_count,conflict_predicted_window_count,window_level_precision,window_level_recall,window_level_occupancy_conflict_rate,average_detected_window_duration_hours,double_counting_policy
validation_daily,Historical average,threshold_sweep,empty,0.05,1.0,61,44,4,57,0.06557377049180328,0.9772727272727273,0.9344262295081968,10.577868852459016,non-overlapping daily forecast anchors and disjoint run extraction
validation_daily,Historical average,threshold_sweep,empty,0.075,1.0,79,44,2,77,0.02531645569620253,0.9318181818181818,0.9746835443037974,7.231012658227848,non-overlapping daily forecast anchors and disjoint run extraction
validation_daily,Historical average,threshold_sweep,empty,0.1,1.0,89,44,4,85,0.0449438202247191,0.9318181818181818,0.9550561797752809,6.306179775280899,non-overlapping daily forecast anchors and disjoint run extraction
validation_daily,Historical average,threshold_sweep,empty,0.125,1.0,72,44,3,69,0.041666666666666664,0.9318181818181818,0.9583333333333334,6.576388888888889,non-overlapping daily forecast anchors and disjoint run extraction
validation_daily,Historical average,threshold_sweep,empty,0.15,1.0,55,44,3,52,0.05454545454545454,0.9318181818181818,0.9454545454545454,7.931818181818182,non-overlapping daily forecast anchors and disjoint run extraction
validation_daily,Historical average,threshold_sweep,empty,0.175,1.0,55,44,4,51,0.07272727272727272,0.9318181818181818,0.9272727272727272,7.909090909090909,non-overlapping daily forecast anchors and disjoint run extraction
validation_daily,Historical average,threshold_sweep,empty,0.2,1.0,39,44,3,36,0.07692307692307693,0.9090909090909091,0.9230769230769231,10.544871794871796,non-overlapping daily forecast anchors and disjoint run extraction
validation_daily,Historical average,threshold_sweep,empty,0.225,1.0,39,44,3,36,0.07692307692307693,0.9090909090909091,0.9230769230769231,10.506410256410257,non-overlapping daily forecast anchors and disjoint run extraction
validation_daily,Historical average,threshold_sweep,empty,0.25,1.0,39,44,3,36,0.07692307692307693,0.9090909090909091,0.9230769230769231,10.506410256410257,non-overlapping daily forecast anchors and disjoint run extraction
validation_daily,Historical average,threshold_sweep,empty,0.275,1.0,45,44,4,41,0.08888888888888889,0.9090909090909091,0.9111111111111111,9.044444444444444,non-overlapping daily forecast anchors and disjoint run extraction
validation_daily,Historical average,threshold_sweep,empty,0.3,1.0,45,44,4,41,0.08888888888888889,0.9090909090909091,0.9111111111111111,8.911111111111111,non-overlapping daily forecast anchors and disjoint run extraction
validation_daily,Historical average,threshold_sweep,empty,0.325,1.0,45,44,4,41,0.08888888888888889,0.9090909090909091,0.9111111111111111,8.911111111111111,non-overlapping daily forecast anchors and disjoint run extraction
validation_daily,Historical average,threshold_sweep,empty,0.35,1.0,51,44,7,44,0.13725490196078433,0.8863636363636364,0.8627450980392157,7.186274509803922,non-overlapping daily forecast anchors and disjoint run extraction
validation_daily,Historical average,threshold_sweep,empty,0.375,1.0,45,44,11,34,0.24444444444444444,0.8863636363636364,0.7555555555555555,7.511111111111111,non-overlapping daily forecast anchors and disjoint run extraction
validation_daily,Historical average,threshold_sweep,empty,0.4,1.0,45,44,11,34,0.24444444444444444,0.8863636363636364,0.7555555555555555,7.511111111111111,non-overlapping daily forecast anchors and disjoint run extraction
validation_daily,Historical average,threshold_sweep,empty,0.425,1.0,39,44,11,28,0.28205128205128205,0.8863636363636364,0.717948717948718,8.217948717948717,non-overlapping daily forecast anchors and disjoint run extraction
validation_daily,Historical average,threshold_sweep,empty,0.45,1.0,55,44,17,38,0.3090909090909091,0.8863636363636364,0.6909090909090909,5.5,non-overlapping daily forecast anchors and disjoint run extraction
validation_daily,Historical average,threshold_sweep,empty,0.475,1.0,55,44,17,38,0.3090909090909091,0.8863636363636364,0.6909090909090909,5.5,non-overlapping daily forecast anchors and disjoint run extraction
validation_daily,Historical average,threshold_sweep,empty,0.5,1.0,39,44,14,25,0.358974358974359,0.8636363636363636,0.6410256410256411,6.8076923076923075,non-overlapping daily forecast anchors and disjoint run extraction
validation_daily,Historical average,threshold_sweep,empty,0.525,1.0,51,44,19,32,0.37254901960784315,0.8636363636363636,0.6274509803921569,4.901960784313726,non-overlapping daily forecast anchors and disjoint run extraction
validation_daily,Historical average,threshold_sweep,empty,0.55,1.0,56,44,20,36,0.35714285714285715,0.8636363636363636,0.6428571428571429,4.441964285714286,non-overlapping daily forecast anchors and disjoint run extraction
validation_daily,Historical average,threshold_sweep,empty,0.575,1.0,45,44,18,27,0.4,0.8409090909090909,0.6,4.95,non-overlapping daily forecast anchors and disjoint run extraction
validation_daily,Historical average,threshold_sweep,empty,0.6,1.0,56,44,21,35,0.375,0.8409090909090909,0.625,3.799107142857143,non-overlapping daily forecast anchors and disjoint run extraction
validation_daily,Historical average,threshold_sweep,empty,0.625,1.0,56,44,21,35,0.375,0.8409090909090909,0.625,3.799107142857143,non-overlapping daily forecast anchors and disjoint run extraction
validation_daily,Historical average,threshold_sweep,empty,0.65,1.0,39,44,18,21,0.46153846153846156,0.8181818181818182,0.5384615384615384,4.948717948717949,non-overlapping daily forecast anchors and disjoint run extraction
validation_daily,Historical average,threshold_sweep,empty,0.675,1.0,49,44,24,25,0.4897959183673469,0.8181818181818182,0.5102040816326531,3.739795918367347,non-overlapping daily forecast anchors and disjoint run extraction
validation_daily,Historical average,threshold_sweep,empty,0.7,1.0,49,44,25,24,0.5102040816326531,0.8181818181818182,0.4897959183673469,3.586734693877551,non-overlapping daily forecast anchors and disjoint run extraction
validation_daily,Historical average,threshold_sweep,empty,0.725,1.0,49,44,28,21,0.5714285714285714,0.8181818181818182,0.42857142857142855,3.0918367346938775,non-overlapping daily forecast anchors and disjoint run extraction
validation_daily,Historical average,threshold_sweep,empty,0.75,1.0,39,44,27,12,0.6923076923076923,0.7954545454545454,0.3076923076923077,3.358974358974359,non-overlapping daily forecast anchors and disjoint run extraction
validation_daily,Historical average,threshold_sweep,empty,0.775,1.0,39,44,27,12,0.6923076923076923,0.7954545454545454,0.3076923076923077,3.358974358974359,non-overlapping daily forecast anchors and disjoint run extraction
validation_daily,Historical average,threshold_sweep,empty,0.8,1.0,44,44,32,12,0.7272727272727273,0.7954545454545454,0.2727272727272727,2.397727272727273,non-overlapping daily forecast anchors and disjoint run extraction
validation_daily,Historical average,threshold_sweep,empty,0.825,1.0,33,44,24,9,0.7272727272727273,0.6590909090909091,0.2727272727272727,2.515151515151515,non-overlapping daily forecast anchors and disjoint run extraction
validation_daily,Historical average,threshold_sweep,empty,0.85,1.0,33,44,24,9,0.7272727272727273,0.6590909090909091,0.2727272727272727,2.515151515151515,non-overlapping daily forecast anchors and disjoint run extraction
validation_daily,Historical average,threshold_sweep,empty,0.875,1.0,27,44,20,7,0.7407407407407407,0.5227272727272727,0.25925925925925924,2.638888888888889,non-overlapping daily forecast anchors and disjoint run extraction
validation_daily,Historical average,threshold_sweep,empty,0.9,1.0,11,44,9,2,0.8181818181818182,0.25,0.18181818181818182,3.590909090909091,non-overlapping daily forecast anchors and disjoint run extraction
validation_daily,Historical average,threshold_sweep,empty,0.925,1.0,11,44,9,2,0.8181818181818182,0.25,0.18181818181818182,3.590909090909091,non-overlapping daily forecast anchors and disjoint run extraction
validation_daily,Historical average,threshold_sweep,empty,0.95,1.0,11,44,10,1,0.9090909090909091,0.22727272727272727,0.09090909090909091,1.3636363636363635,non-overlapping daily forecast anchors and disjoint run extraction
validation_daily,Historical average,threshold_sweep,empty,0.05,2.0,55,38,2,53,0.03636363636363636,0.9473684210526315,0.9636363636363636,11.540909090909091,non-overlapping daily forecast anchors and disjoint run extraction
validation_daily,Historical average,threshold_sweep,empty,0.075,2.0,67,38,2,65,0.029850746268656716,0.9473684210526315,0.9701492537313433,8.235074626865671,non-overlapping daily forecast anchors and disjoint run extraction
validation_daily,Historical average,threshold_sweep,empty,0.1,2.0,67,38,2,65,0.029850746268656716,0.9473684210526315,0.9701492537313433,7.936567164179104,non-overlapping daily forecast anchors and disjoint run extraction
validation_daily,Historical average,threshold_sweep,empty,0.125,2.0,50,38,3,47,0.06,0.9473684210526315,0.94,8.865,non-overlapping daily forecast anchors and disjoint run extraction
validation_daily,Historical average,threshold_sweep,empty,0.15,2.0,44,38,3,41,0.06818181818181818,0.9473684210526315,0.9318181818181818,9.630681818181818,non-overlapping daily forecast anchors and disjoint run extraction
validation_daily,Historical average,threshold_sweep,empty,0.175,2.0,44,38,4,40,0.09090909090909091,0.9473684210526315,0.9090909090909091,9.602272727272727,non-overlapping daily forecast anchors and disjoint run extraction
validation_daily,Historical average,threshold_sweep,empty,0.2,2.0,39,38,3,36,0.07692307692307693,0.9210526315789473,0.9230769230769231,10.544871794871796,non-overlapping daily forecast anchors and disjoint run extraction
validation_daily,Historical average,threshold_sweep,empty,0.225,2.0,39,38,3,36,0.07692307692307693,0.9210526315789473,0.9230769230769231,10.506410256410257,non-overlapping daily forecast anchors and disjoint run extraction
validation_daily,Historical average,threshold_sweep,empty,0.25,2.0,39,38,3,36,0.07692307692307693,0.9210526315789473,0.9230769230769231,10.506410256410257,non-overlapping daily forecast anchors and disjoint run extraction
validation_daily,Historical average,threshold_sweep,empty,0.275,2.0,39,38,3,36,0.07692307692307693,0.9210526315789473,0.9230769230769231,10.166666666666666,non-overlapping daily forecast anchors and disjoint run extraction
validation_daily,Historical average,threshold_sweep,empty,0.3,2.0,39,38,3,36,0.07692307692307693,0.9210526315789473,0.9230769230769231,10.051282051282051,non-overlapping daily forecast anchors and disjoint run extraction
validation_daily,Historical average,threshold_sweep,empty,0.325,2.0,39,38,3,36,0.07692307692307693,0.9210526315789473,0.9230769230769231,10.051282051282051,non-overlapping daily forecast anchors and disjoint run extraction
validation_daily,Historical average,threshold_sweep,empty,0.35,2.0,45,38,6,39,0.13333333333333333,0.8947368421052632,0.8666666666666667,8.011111111111111,non-overlapping daily forecast anchors and disjoint run extraction
validation_daily,Historical average,threshold_sweep,empty,0.375,2.0,39,38,11,28,0.28205128205128205,0.8947368421052632,0.717948717948718,8.397435897435898,non-overlapping daily forecast anchors and disjoint run extraction
validation_daily,Historical average,threshold_sweep,empty,0.4,2.0,39,38,11,28,0.28205128205128205,0.8947368421052632,0.717948717948718,8.397435897435898,non-overlapping daily forecast anchors and disjoint run extraction
validation_daily,Historical average,threshold_sweep,empty,0.425,2.0,39,38,11,28,0.28205128205128205,0.8947368421052632,0.717948717948718,8.217948717948717,non-overlapping daily forecast anchors and disjoint run extraction
validation_daily,Historical average,threshold_sweep,empty,0.45,2.0,39,38,13,26,0.3333333333333333,0.8947368421052632,0.6666666666666666,7.3076923076923075,non-overlapping daily forecast anchors and disjoint run extraction
validation_daily,Historical average,threshold_sweep,empty,0.475,2.0,39,38,13,26,0.3333333333333333,0.8947368421052632,0.6666666666666666,7.3076923076923075,non-overlapping daily forecast anchors and disjoint run extraction
validation_daily,Historical average,threshold_sweep,empty,0.5,2.0,39,38,14,25,0.358974358974359,0.8947368421052632,0.6410256410256411,6.8076923076923075,non-overlapping daily forecast anchors and disjoint run extraction
validation_daily,Historical average,threshold_sweep,empty,0.525,2.0,45,38,17,28,0.37777777777777777,0.868421052631579,0.6222222222222222,5.388888888888889,non-overlapping daily forecast anchors and disjoint run extraction
validation_daily,Historical average,threshold_sweep,empty,0.55,2.0,45,38,17,28,0.37777777777777777,0.868421052631579,0.6222222222222222,5.222222222222222,non-overlapping daily forecast anchors and disjoint run extraction
validation_daily,Historical average,threshold_sweep,empty,0.575,2.0,45,38,18,27,0.4,0.868421052631579,0.6,4.95,non-overlapping daily forecast anchors and disjoint run extraction
validation_daily,Historical average,threshold_sweep,empty,0.6,2.0,39,38,18,21,0.46153846153846156,0.868421052631579,0.5384615384615384,4.980769230769231,non-overlapping daily forecast anchors and disjoint run extraction
validation_daily,Historical average,threshold_sweep,empty,0.625,2.0,39,38,18,21,0.46153846153846156,0.868421052631579,0.5384615384615384,4.980769230769231,non-overlapping daily forecast anchors and disjoint run extraction
validation_daily,Historical average,threshold_sweep,empty,0.65,2.0,39,38,18,21,0.46153846153846156,0.868421052631579,0.5384615384615384,4.948717948717949,non-overlapping daily forecast anchors and disjoint run extraction
validation_daily,Historical average,threshold_sweep,empty,0.675,2.0,49,38,24,25,0.4897959183673469,0.868421052631579,0.5102040816326531,3.739795918367347,non-overlapping daily forecast anchors and disjoint run extraction
validation_daily,Historical average,threshold_sweep,empty,0.7,2.0,44,38,24,20,0.5454545454545454,0.868421052631579,0.45454545454545453,3.8806818181818183,non-overlapping daily forecast anchors and disjoint run extraction
validation_daily,Historical average,threshold_sweep,empty,0.725,2.0,39,38,25,14,0.6410256410256411,0.868421052631579,0.358974358974359,3.628205128205128,non-overlapping daily forecast anchors and disjoint run extraction
validation_daily,Historical average,threshold_sweep,empty,0.75,2.0,27,38,19,8,0.7037037037037037,0.6052631578947368,0.2962962962962963,4.2407407407407405,non-overlapping daily forecast anchors and disjoint run extraction
validation_daily,Historical average,threshold_sweep,empty,0.775,2.0,27,38,19,8,0.7037037037037037,0.6052631578947368,0.2962962962962963,4.2407407407407405,non-overlapping daily forecast anchors and disjoint run extraction
validation_daily,Historical average,threshold_sweep,empty,0.8,2.0,27,38,20,7,0.7407407407407407,0.6052631578947368,0.25925925925925924,3.1666666666666665,non-overlapping daily forecast anchors and disjoint run extraction
validation_daily,Historical average,threshold_sweep,empty,0.825,2.0,16,38,14,2,0.875,0.42105263157894735,0.125,3.875,non-overlapping daily forecast anchors and disjoint run extraction
validation_daily,Historical average,threshold_sweep,empty,0.85,2.0,16,38,14,2,0.875,0.42105263157894735,0.125,3.875,non-overlapping daily forecast anchors and disjoint run extraction
validation_daily,Historical average,threshold_sweep,empty,0.875,2.0,16,38,14,2,0.875,0.42105263157894735,0.125,3.6875,non-overlapping daily forecast anchors and disjoint run extraction
validation_daily,Historical average,threshold_sweep,empty,0.9,2.0,11,38,9,2,0.8181818181818182,0.2894736842105263,0.18181818181818182,3.590909090909091,non-overlapping daily forecast anchors and disjoint run extraction
validation_daily,Historical average,threshold_sweep,empty,0.925,2.0,11,38,9,2,0.8181818181818182,0.2894736842105263,0.18181818181818182,3.590909090909091,non-overlapping daily forecast anchors and disjoint run extraction
validation_daily,Historical average,threshold_sweep,empty,0.95,2.0,0,38,0,0,0.0,0.0,0.0,0.0,non-overlapping daily forecast anchors and disjoint run extraction
validation_daily,Historical average,threshold_sweep,empty,0.05,4.0,55,19,2,53,0.03636363636363636,0.9473684210526315,0.9636363636363636,11.540909090909091,non-overlapping daily forecast anchors and disjoint run extraction
validation_daily,Historical average,threshold_sweep,empty,0.075,4.0,44,19,2,42,0.045454545454545456,0.9473684210526315,0.9545454545454546,11.3125,non-overlapping daily forecast anchors and disjoint run extraction
validation_daily,Historical average,threshold_sweep,empty,0.1,4.0,39,19,1,38,0.02564102564102564,0.9473684210526315,0.9743589743589743,11.961538461538462,non-overlapping daily forecast anchors and disjoint run extraction
validation_daily,Historical average,threshold_sweep,empty,0.125,4.0,39,19,2,37,0.05128205128205128,0.9473684210526315,0.9487179487179487,10.73076923076923,non-overlapping daily forecast anchors and disjoint run extraction
validation_daily,Historical average,threshold_sweep,empty,0.15,4.0,39,19,2,37,0.05128205128205128,0.9473684210526315,0.9487179487179487,10.576923076923077,non-overlapping daily forecast anchors and disjoint run extraction
validation_daily,Historical average,threshold_sweep,empty,0.175,4.0,39,19,3,36,0.07692307692307693,0.8947368421052632,0.9230769230769231,10.544871794871796,non-overlapping daily forecast anchors and disjoint run extraction
validation_daily,Historical average,threshold_sweep,empty,0.2,4.0,39,19,3,36,0.07692307692307693,0.8947368421052632,0.9230769230769231,10.544871794871796,non-overlapping daily forecast anchors and disjoint run extraction
validation_daily,Historical average,threshold_sweep,empty,0.225,4.0,39,19,3,36,0.07692307692307693,0.8947368421052632,0.9230769230769231,10.506410256410257,non-overlapping daily forecast anchors and disjoint run extraction
validation_daily,Historical average,threshold_sweep,empty,0.25,4.0,39,19,3,36,0.07692307692307693,0.8947368421052632,0.9230769230769231,10.506410256410257,non-overlapping daily forecast anchors and disjoint run extraction
validation_daily,Historical average,threshold_sweep,empty,0.275,4.0,39,19,3,36,0.07692307692307693,0.8947368421052632,0.9230769230769231,10.166666666666666,non-overlapping daily forecast anchors and disjoint run extraction
validation_daily,Historical average,threshold_sweep,empty,0.3,4.0,39,19,3,36,0.07692307692307693,0.8947368421052632,0.9230769230769231,10.051282051282051,non-overlapping daily forecast anchors and disjoint run extraction
validation_daily,Historical average,threshold_sweep,empty,0.325,4.0,39,19,3,36,0.07692307692307693,0.8947368421052632,0.9230769230769231,10.051282051282051,non-overlapping daily forecast anchors and disjoint run extraction
validation_daily,Historical average,threshold_sweep,empty,0.35,4.0,27,19,3,24,0.1111111111111111,0.8421052631578947,0.8888888888888888,11.574074074074074,non-overlapping daily forecast anchors and disjoint run extraction
validation_daily,Historical average,threshold_sweep,empty,0.375,4.0,21,19,3,18,0.14285714285714285,0.7368421052631579,0.8571428571428571,13.380952380952381,non-overlapping daily forecast anchors and disjoint run extraction
validation_daily,Historical average,threshold_sweep,empty,0.4,4.0,21,19,3,18,0.14285714285714285,0.7368421052631579,0.8571428571428571,13.380952380952381,non-overlapping daily forecast anchors and disjoint run extraction
validation_daily,Historical average,threshold_sweep,empty,0.425,4.0,21,19,3,18,0.14285714285714285,0.7368421052631579,0.8571428571428571,13.047619047619047,non-overlapping daily forecast anchors and disjoint run extraction
validation_daily,Historical average,threshold_sweep,empty,0.45,4.0,16,19,2,14,0.125,0.631578947368421,0.875,14.390625,non-overlapping daily forecast anchors and disjoint run extraction
validation_daily,Historical average,threshold_sweep,empty,0.475,4.0,16,19,2,14,0.125,0.631578947368421,0.875,14.390625,non-overlapping daily forecast anchors and disjoint run extraction
validation_daily,Historical average,threshold_sweep,empty,0.5,4.0,16,19,2,14,0.125,0.631578947368421,0.875,13.453125,non-overlapping daily forecast anchors and disjoint run extraction
validation_daily,Historical average,threshold_sweep,empty,0.525,4.0,22,19,5,17,0.22727272727272727,0.5789473684210527,0.7727272727272727,8.738636363636363,non-overlapping daily forecast anchors and disjoint run extraction
validation_daily,Historical average,threshold_sweep,empty,0.55,4.0,22,19,5,17,0.22727272727272727,0.5789473684210527,0.7727272727272727,8.397727272727273,non-overlapping daily forecast anchors and disjoint run extraction
validation_daily,Historical average,threshold_sweep,empty,0.575,4.0,16,19,5,11,0.3125,0.5789473684210527,0.6875,9.640625,non-overlapping daily forecast anchors and disjoint run extraction
validation_daily,Historical average,threshold_sweep,empty,0.6,4.0,16,19,6,10,0.375,0.5789473684210527,0.625,9.078125,non-overlapping daily forecast anchors and disjoint run extraction
validation_daily,Historical average,threshold_sweep,empty,0.625,4.0,16,19,6,10,0.375,0.5789473684210527,0.625,9.078125,non-overlapping daily forecast anchors and disjoint run extraction
validation_daily,Historical average,threshold_sweep,empty,0.65,4.0,16,19,6,10,0.375,0.5789473684210527,0.625,9.0,non-overlapping daily forecast anchors and disjoint run extraction
validation_daily,Historical average,threshold_sweep,empty,0.675,4.0,11,19,5,6,0.45454545454545453,0.5263157894736842,0.5454545454545454,8.454545454545455,non-overlapping daily forecast anchors and disjoint run extraction
validation_daily,Historical average,threshold_sweep,empty,0.7,4.0,11,19,5,6,0.45454545454545453,0.5263157894736842,0.5454545454545454,8.454545454545455,non-overlapping daily forecast anchors and disjoint run extraction
validation_daily,Historical average,threshold_sweep,empty,0.725,4.0,11,19,6,5,0.5454545454545454,0.5263157894736842,0.45454545454545453,7.636363636363637,non-overlapping daily forecast anchors and disjoint run extraction
validation_daily,Historical average,threshold_sweep,empty,0.75,4.0,11,19,8,3,0.7272727272727273,0.5263157894736842,0.2727272727272727,7.363636363636363,non-overlapping daily forecast anchors and disjoint run extraction
validation_daily,Historical average,threshold_sweep,empty,0.775,4.0,11,19,8,3,0.7272727272727273,0.5263157894736842,0.2727272727272727,7.363636363636363,non-overlapping daily forecast anchors and disjoint run extraction
validation_daily,Historical average,threshold_sweep,empty,0.8,4.0,11,19,9,2,0.8181818181818182,0.5263157894736842,0.18181818181818182,4.7272727272727275,non-overlapping daily forecast anchors and disjoint run extraction
validation_daily,Historical average,threshold_sweep,empty,0.825,4.0,11,19,9,2,0.8181818181818182,0.5263157894736842,0.18181818181818182,4.7272727272727275,non-overlapping daily forecast anchors and disjoint run extraction
validation_daily,Historical average,threshold_sweep,empty,0.85,4.0,11,19,9,2,0.8181818181818182,0.5263157894736842,0.18181818181818182,4.7272727272727275,non-overlapping daily forecast anchors and disjoint run extraction
validation_daily,Historical average,threshold_sweep,empty,0.875,4.0,11,19,9,2,0.8181818181818182,0.5263157894736842,0.18181818181818182,4.454545454545454,non-overlapping daily forecast anchors and disjoint run extraction
validation_daily,Historical average,threshold_sweep,empty,0.9,4.0,5,19,4,1,0.8,0.2631578947368421,0.2,4.0,non-overlapping daily forecast anchors and disjoint run extraction
validation_daily,Historical average,threshold_sweep,empty,0.925,4.0,5,19,4,1,0.8,0.2631578947368421,0.2,4.0,non-overlapping daily forecast anchors and disjoint run extraction
validation_daily,Historical average,threshold_sweep,empty,0.95,4.0,0,19,0,0,0.0,0.0,0.0,0.0,non-overlapping daily forecast anchors and disjoint run extraction
validation_daily,LightGBM,threshold_sweep,empty,0.05,1.0,62,44,2,60,0.03225806451612903,0.9545454545454546,0.967741935483871,10.237903225806452,non-overlapping daily forecast anchors and disjoint run extraction
validation_daily,LightGBM,threshold_sweep,empty,0.075,1.0,61,44,2,59,0.03278688524590164,0.9318181818181818,0.9672131147540983,9.602459016393443,non-overlapping daily forecast anchors and disjoint run extraction
validation_daily,LightGBM,threshold_sweep,empty,0.1,1.0,68,44,3,65,0.04411764705882353,0.9318181818181818,0.9558823529411765,7.930147058823529,non-overlapping daily forecast anchors and disjoint run extraction
validation_daily,LightGBM,threshold_sweep,empty,0.125,1.0,65,44,3,62,0.046153846153846156,0.9318181818181818,0.9538461538461539,7.476923076923077,non-overlapping daily forecast anchors and disjoint run extraction
validation_daily,LightGBM,threshold_sweep,empty,0.15,1.0,58,44,3,55,0.05172413793103448,0.9318181818181818,0.9482758620689655,7.857758620689655,non-overlapping daily forecast anchors and disjoint run extraction
validation_daily,LightGBM,threshold_sweep,empty,0.175,1.0,54,44,4,50,0.07407407407407407,0.9318181818181818,0.9259259259259259,7.976851851851852,non-overlapping daily forecast anchors and disjoint run extraction
validation_daily,LightGBM,threshold_sweep,empty,0.2,1.0,48,44,7,41,0.14583333333333334,0.9318181818181818,0.8541666666666666,8.479166666666666,non-overlapping daily forecast anchors and disjoint run extraction
validation_daily,LightGBM,threshold_sweep,empty,0.225,1.0,45,44,7,38,0.15555555555555556,0.9318181818181818,0.8444444444444444,8.61111111111111,non-overlapping daily forecast anchors and disjoint run extraction
validation_daily,LightGBM,threshold_sweep,empty,0.25,1.0,44,44,7,37,0.1590909090909091,0.9318181818181818,0.8409090909090909,8.551136363636363,non-overlapping daily forecast anchors and disjoint run extraction
validation_daily,LightGBM,threshold_sweep,empty,0.275,1.0,44,44,9,35,0.20454545454545456,0.9090909090909091,0.7954545454545454,8.255681818181818,non-overlapping daily forecast anchors and disjoint run extraction
validation_daily,LightGBM,threshold_sweep,empty,0.3,1.0,43,44,9,34,0.20930232558139536,0.9090909090909091,0.7906976744186046,8.220930232558139,non-overlapping daily forecast anchors and disjoint run extraction
validation_daily,LightGBM,threshold_sweep,empty,0.325,1.0,42,44,9,33,0.21428571428571427,0.9090909090909091,0.7857142857142857,8.214285714285714,non-overlapping daily forecast anchors and disjoint run extraction
validation_daily,LightGBM,threshold_sweep,empty,0.35,1.0,42,44,10,32,0.23809523809523808,0.9090909090909091,0.7619047619047619,8.077380952380953,non-overlapping daily forecast anchors and disjoint run extraction
validation_daily,LightGBM,threshold_sweep,empty,0.375,1.0,43,44,14,29,0.32558139534883723,0.8863636363636364,0.6744186046511628,7.686046511627907,non-overlapping daily forecast anchors and disjoint run extraction
validation_daily,LightGBM,threshold_sweep,empty,0.4,1.0,44,44,15,29,0.3409090909090909,0.8863636363636364,0.6590909090909091,7.301136363636363,non-overlapping daily forecast anchors and disjoint run extraction
validation_daily,LightGBM,threshold_sweep,empty,0.425,1.0,43,44,16,27,0.37209302325581395,0.8863636363636364,0.627906976744186,7.133720930232558,non-overlapping daily forecast anchors and disjoint run extraction
validation_daily,LightGBM,threshold_sweep,empty,0.45,1.0,44,44,17,27,0.38636363636363635,0.8636363636363636,0.6136363636363636,6.755681818181818,non-overlapping daily forecast anchors and disjoint run extraction
validation_daily,LightGBM,threshold_sweep,empty,0.475,1.0,46,44,17,29,0.3695652173913043,0.8636363636363636,0.6304347826086957,6.244565217391305,non-overlapping daily forecast anchors and disjoint run extraction
validation_daily,LightGBM,threshold_sweep,empty,0.5,1.0,43,44,17,26,0.3953488372093023,0.8636363636363636,0.6046511627906976,6.465116279069767,non-overlapping daily forecast anchors and disjoint run extraction
validation_daily,LightGBM,threshold_sweep,empty,0.525,1.0,43,44,17,26,0.3953488372093023,0.8636363636363636,0.6046511627906976,6.348837209302325,non-overlapping daily forecast anchors and disjoint run extraction
validation_daily,LightGBM,threshold_sweep,empty,0.55,1.0,43,44,18,25,0.4186046511627907,0.8636363636363636,0.5813953488372093,6.1395348837209305,non-overlapping daily forecast anchors and disjoint run extraction
validation_daily,LightGBM,threshold_sweep,empty,0.575,1.0,42,44,18,24,0.42857142857142855,0.8636363636363636,0.5714285714285714,6.125,non-overlapping daily forecast anchors and disjoint run extraction
validation_daily,LightGBM,threshold_sweep,empty,0.6,1.0,41,44,17,24,0.4146341463414634,0.8636363636363636,0.5853658536585366,6.134146341463414,non-overlapping daily forecast anchors and disjoint run extraction
validation_daily,LightGBM,threshold_sweep,empty,0.625,1.0,40,44,17,23,0.425,0.8636363636363636,0.575,6.15,non-overlapping daily forecast anchors and disjoint run extraction
validation_daily,LightGBM,threshold_sweep,empty,0.65,1.0,39,44,18,21,0.46153846153846156,0.8636363636363636,0.5384615384615384,6.205128205128205,non-overlapping daily forecast anchors and disjoint run extraction
validation_daily,LightGBM,threshold_sweep,empty,0.675,1.0,39,44,18,21,0.46153846153846156,0.8636363636363636,0.5384615384615384,6.089743589743589,non-overlapping daily forecast anchors and disjoint run extraction
validation_daily,LightGBM,threshold_sweep,empty,0.7,1.0,41,44,19,22,0.4634146341463415,0.8636363636363636,0.5365853658536586,5.658536585365853,non-overlapping daily forecast anchors and disjoint run extraction
validation_daily,LightGBM,threshold_sweep,empty,0.725,1.0,42,44,21,21,0.5,0.8409090909090909,0.5,5.333333333333333,non-overlapping daily forecast anchors and disjoint run extraction
validation_daily,LightGBM,threshold_sweep,empty,0.75,1.0,44,44,21,23,0.4772727272727273,0.8181818181818182,0.5227272727272727,4.778409090909091,non-overlapping daily forecast anchors and disjoint run extraction
validation_daily,LightGBM,threshold_sweep,empty,0.775,1.0,43,44,21,22,0.4883720930232558,0.8181818181818182,0.5116279069767442,4.558139534883721,non-overlapping daily forecast anchors and disjoint run extraction
validation_daily,LightGBM,threshold_sweep,empty,0.8,1.0,39,44,19,20,0.48717948717948717,0.7954545454545454,0.5128205128205128,4.628205128205129,non-overlapping daily forecast anchors and disjoint run extraction
validation_daily,LightGBM,threshold_sweep,empty,0.825,1.0,40,44,21,19,0.525,0.7954545454545454,0.475,4.3125,non-overlapping daily forecast anchors and disjoint run extraction
validation_daily,LightGBM,threshold_sweep,empty,0.85,1.0,42,44,21,21,0.5,0.7727272727272727,0.5,3.767857142857143,non-overlapping daily forecast anchors and disjoint run extraction
validation_daily,LightGBM,threshold_sweep,empty,0.875,1.0,39,44,25,14,0.6410256410256411,0.75,0.358974358974359,3.4743589743589745,non-overlapping daily forecast anchors and disjoint run extraction
validation_daily,LightGBM,threshold_sweep,empty,0.9,1.0,34,44,22,12,0.6470588235294118,0.7272727272727273,0.35294117647058826,3.360294117647059,non-overlapping daily forecast anchors and disjoint run extraction
validation_daily,LightGBM,threshold_sweep,empty,0.925,1.0,33,44,24,9,0.7272727272727273,0.7045454545454546,0.2727272727272727,3.1666666666666665,non-overlapping daily forecast anchors and disjoint run extraction
validation_daily,LightGBM,threshold_sweep,empty,0.95,1.0,28,44,22,6,0.7857142857142857,0.5681818181818182,0.21428571428571427,2.9732142857142856,non-overlapping daily forecast anchors and disjoint run extraction
validation_daily,LightGBM,threshold_sweep,empty,0.05,2.0,59,38,1,58,0.01694915254237288,0.9473684210526315,0.9830508474576272,10.694915254237289,non-overlapping daily forecast anchors and disjoint run extraction
validation_daily,LightGBM,threshold_sweep,empty,0.075,2.0,57,38,2,55,0.03508771929824561,0.9473684210526315,0.9649122807017544,10.18859649122807,non-overlapping daily forecast anchors and disjoint run extraction
validation_daily,LightGBM,threshold_sweep,empty,0.1,2.0,62,38,3,59,0.04838709677419355,0.9473684210526315,0.9516129032258065,8.588709677419354,non-overlapping daily forecast anchors and disjoint run extraction
validation_daily,LightGBM,threshold_sweep,empty,0.125,2.0,54,38,3,51,0.05555555555555555,0.9473684210526315,0.9444444444444444,8.708333333333334,non-overlapping daily forecast anchors and disjoint run extraction
validation_daily,LightGBM,threshold_sweep,empty,0.15,2.0,49,38,3,46,0.061224489795918366,0.9473684210526315,0.9387755102040817,9.076530612244898,non-overlapping daily forecast anchors and disjoint run extraction
validation_daily,LightGBM,threshold_sweep,empty,0.175,2.0,48,38,4,44,0.08333333333333333,0.9473684210526315,0.9166666666666666,8.807291666666666,non-overlapping daily forecast anchors and disjoint run extraction
validation_daily,LightGBM,threshold_sweep,empty,0.2,2.0,46,38,7,39,0.15217391304347827,0.9473684210526315,0.8478260869565217,8.793478260869565,non-overlapping daily forecast anchors and disjoint run extraction
validation_daily,LightGBM,threshold_sweep,empty,0.225,2.0,44,38,7,37,0.1590909090909091,0.9473684210526315,0.8409090909090909,8.772727272727273,non-overlapping daily forecast anchors and disjoint run extraction
validation_daily,LightGBM,threshold_sweep,empty,0.25,2.0,43,38,7,36,0.16279069767441862,0.9473684210526315,0.8372093023255814,8.726744186046512,non-overlapping daily forecast anchors and disjoint run extraction
validation_daily,LightGBM,threshold_sweep,empty,0.275,2.0,42,38,9,33,0.21428571428571427,0.9210526315789473,0.7857142857142857,8.583333333333334,non-overlapping daily forecast anchors and disjoint run extraction
validation_daily,LightGBM,threshold_sweep,empty,0.3,2.0,42,38,9,33,0.21428571428571427,0.9210526315789473,0.7857142857142857,8.386904761904763,non-overlapping daily forecast anchors and disjoint run extraction
validation_daily,LightGBM,threshold_sweep,empty,0.325,2.0,42,38,9,33,0.21428571428571427,0.9210526315789473,0.7857142857142857,8.214285714285714,non-overlapping daily forecast anchors and disjoint run extraction
validation_daily,LightGBM,threshold_sweep,empty,0.35,2.0,42,38,10,32,0.23809523809523808,0.9210526315789473,0.7619047619047619,8.077380952380953,non-overlapping daily forecast anchors and disjoint run extraction
validation_daily,LightGBM,threshold_sweep,empty,0.375,2.0,41,38,13,28,0.3170731707317073,0.9210526315789473,0.6829268292682927,7.987804878048781,non-overlapping daily forecast anchors and disjoint run extraction
validation_daily,LightGBM,threshold_sweep,empty,0.4,2.0,42,38,14,28,0.3333333333333333,0.9210526315789473,0.6666666666666666,7.595238095238095,non-overlapping daily forecast anchors and disjoint run extraction
validation_daily,LightGBM,threshold_sweep,empty,0.425,2.0,42,38,15,27,0.35714285714285715,0.8947368421052632,0.6428571428571429,7.267857142857143,non-overlapping daily forecast anchors and disjoint run extraction
validation_daily,LightGBM,threshold_sweep,empty,0.45,2.0,41,38,17,24,0.4146341463414634,0.8947368421052632,0.5853658536585366,7.140243902439025,non-overlapping daily forecast anchors and disjoint run extraction
validation_daily,LightGBM,threshold_sweep,empty,0.475,2.0,41,38,17,24,0.4146341463414634,0.8947368421052632,0.5853658536585366,6.835365853658536,non-overlapping daily forecast anchors and disjoint run extraction
validation_daily,LightGBM,threshold_sweep,empty,0.5,2.0,39,38,17,22,0.4358974358974359,0.868421052631579,0.5641025641025641,6.961538461538462,non-overlapping daily forecast anchors and disjoint run extraction
validation_daily,LightGBM,threshold_sweep,empty,0.525,2.0,39,38,17,22,0.4358974358974359,0.868421052631579,0.5641025641025641,6.852564102564102,non-overlapping daily forecast anchors and disjoint run extraction
validation_daily,LightGBM,threshold_sweep,empty,0.55,2.0,39,38,17,22,0.4358974358974359,0.868421052631579,0.5641025641025641,6.621794871794871,non-overlapping daily forecast anchors and disjoint run extraction
validation_daily,LightGBM,threshold_sweep,empty,0.575,2.0,39,38,17,22,0.4358974358974359,0.868421052631579,0.5641025641025641,6.493589743589744,non-overlapping daily forecast anchors and disjoint run extraction
validation_daily,LightGBM,threshold_sweep,empty,0.6,2.0,38,38,17,21,0.4473684210526316,0.868421052631579,0.5526315789473685,6.506578947368421,non-overlapping daily forecast anchors and disjoint run extraction
validation_daily,LightGBM,threshold_sweep,empty,0.625,2.0,38,38,17,21,0.4473684210526316,0.868421052631579,0.5526315789473685,6.407894736842105,non-overlapping daily forecast anchors and disjoint run extraction
validation_daily,LightGBM,threshold_sweep,empty,0.65,2.0,38,38,18,20,0.47368421052631576,0.868421052631579,0.5263157894736842,6.328947368421052,non-overlapping daily forecast anchors and disjoint run extraction
validation_daily,LightGBM,threshold_sweep,empty,0.675,2.0,37,38,18,19,0.4864864864864865,0.868421052631579,0.5135135135135135,6.331081081081081,non-overlapping daily forecast anchors and disjoint run extraction
validation_daily,LightGBM,threshold_sweep,empty,0.7,2.0,38,38,19,19,0.5,0.868421052631579,0.5,5.993421052631579,non-overlapping daily forecast anchors and disjoint run extraction
validation_daily,LightGBM,threshold_sweep,empty,0.725,2.0,35,38,18,17,0.5142857142857142,0.8157894736842105,0.4857142857142857,6.135714285714286,non-overlapping daily forecast anchors and disjoint run extraction
validation_daily,LightGBM,threshold_sweep,empty,0.75,2.0,37,38,18,19,0.4864864864864865,0.8157894736842105,0.5135135135135135,5.412162162162162,non-overlapping daily forecast anchors and disjoint run extraction
validation_daily,LightGBM,threshold_sweep,empty,0.775,2.0,35,38,17,18,0.4857142857142857,0.7894736842105263,0.5142857142857142,5.3,non-overlapping daily forecast anchors and disjoint run extraction
validation_daily,LightGBM,threshold_sweep,empty,0.8,2.0,34,38,17,17,0.5,0.7894736842105263,0.5,5.110294117647059,non-overlapping daily forecast anchors and disjoint run extraction
validation_daily,LightGBM,threshold_sweep,empty,0.825,2.0,33,38,17,16,0.5151515151515151,0.7894736842105263,0.48484848484848486,4.9393939393939394,non-overlapping daily forecast anchors and disjoint run extraction
validation_daily,LightGBM,threshold_sweep,empty,0.85,2.0,38,38,20,18,0.5263157894736842,0.7894736842105263,0.47368421052631576,4.026315789473684,non-overlapping daily forecast anchors and disjoint run extraction
validation_daily,LightGBM,threshold_sweep,empty,0.875,2.0,35,38,23,12,0.6571428571428571,0.7631578947368421,0.34285714285714286,3.7214285714285715,non-overlapping daily forecast anchors and disjoint run extraction
validation_daily,LightGBM,threshold_sweep,empty,0.9,2.0,34,38,22,12,0.6470588235294118,0.7631578947368421,0.35294117647058826,3.360294117647059,non-overlapping daily forecast anchors and disjoint run extraction
validation_daily,LightGBM,threshold_sweep,empty,0.925,2.0,31,38,22,9,0.7096774193548387,0.7105263157894737,0.2903225806451613,3.282258064516129,non-overlapping daily forecast anchors and disjoint run extraction
validation_daily,LightGBM,threshold_sweep,empty,0.95,2.0,22,38,19,3,0.8636363636363636,0.5789473684210527,0.13636363636363635,3.409090909090909,non-overlapping daily forecast anchors and disjoint run extraction
validation_daily,LightGBM,threshold_sweep,empty,0.05,4.0,56,19,1,55,0.017857142857142856,0.9473684210526315,0.9821428571428571,11.129464285714286,non-overlapping daily forecast anchors and disjoint run extraction
validation_daily,LightGBM,threshold_sweep,empty,0.075,4.0,51,19,1,50,0.0196078431372549,0.9473684210526315,0.9803921568627451,11.063725490196079,non-overlapping daily forecast anchors and disjoint run extraction
validation_daily,LightGBM,threshold_sweep,empty,0.1,4.0,48,19,2,46,0.041666666666666664,0.9473684210526315,0.9583333333333334,10.291666666666666,non-overlapping daily forecast anchors and disjoint run extraction
validation_daily,LightGBM,threshold_sweep,empty,0.125,4.0,42,19,2,40,0.047619047619047616,0.9473684210526315,0.9523809523809523,10.44047619047619,non-overlapping daily forecast anchors and disjoint run extraction
validation_daily,LightGBM,threshold_sweep,empty,0.15,4.0,41,19,2,39,0.04878048780487805,0.9473684210526315,0.9512195121951219,10.298780487804878,non-overlapping daily forecast anchors and disjoint run extraction
validation_daily,LightGBM,threshold_sweep,empty,0.175,4.0,32,19,2,30,0.0625,0.8947368421052632,0.9375,11.671875,non-overlapping daily forecast anchors and disjoint run extraction
validation_daily,LightGBM,threshold_sweep,empty,0.2,4.0,30,19,2,28,0.06666666666666667,0.8947368421052632,0.9333333333333333,11.866666666666667,non-overlapping daily forecast anchors and disjoint run extraction
validation_daily,LightGBM,threshold_sweep,empty,0.225,4.0,28,19,3,25,0.10714285714285714,0.8947368421052632,0.8928571428571429,12.071428571428571,non-overlapping daily forecast anchors and disjoint run extraction
validation_daily,LightGBM,threshold_sweep,empty,0.25,4.0,25,19,2,23,0.08,0.7894736842105263,0.92,12.81,non-overlapping daily forecast anchors and disjoint run extraction
validation_daily,LightGBM,threshold_sweep,empty,0.275,4.0,23,19,2,21,0.08695652173913043,0.7894736842105263,0.9130434782608695,13.130434782608695,non-overlapping daily forecast anchors and disjoint run extraction
validation_daily,LightGBM,threshold_sweep,empty,0.3,4.0,22,19,2,20,0.09090909090909091,0.7894736842105263,0.9090909090909091,13.284090909090908,non-overlapping daily forecast anchors and disjoint run extraction
validation_daily,LightGBM,threshold_sweep,empty,0.325,4.0,21,19,2,19,0.09523809523809523,0.7894736842105263,0.9047619047619048,13.464285714285714,non-overlapping daily forecast anchors and disjoint run extraction
validation_daily,LightGBM,threshold_sweep,empty,0.35,4.0,21,19,2,19,0.09523809523809523,0.7894736842105263,0.9047619047619048,13.333333333333334,non-overlapping daily forecast anchors and disjoint run extraction
validation_daily,LightGBM,threshold_sweep,empty,0.375,4.0,19,19,3,16,0.15789473684210525,0.7368421052631579,0.8421052631578947,14.013157894736842,non-overlapping daily forecast anchors and disjoint run extraction
validation_daily,LightGBM,threshold_sweep,empty,0.4,4.0,21,19,4,17,0.19047619047619047,0.7368421052631579,0.8095238095238095,12.392857142857142,non-overlapping daily forecast anchors and disjoint run extraction
validation_daily,LightGBM,threshold_sweep,empty,0.425,4.0,19,19,5,14,0.2631578947368421,0.7368421052631579,0.7368421052631579,12.605263157894736,non-overlapping daily forecast anchors and disjoint run extraction
validation_daily,LightGBM,threshold_sweep,empty,0.45,4.0,16,19,5,11,0.3125,0.7368421052631579,0.6875,14.0,non-overlapping daily forecast anchors and disjoint run extraction
validation_daily,LightGBM,threshold_sweep,empty,0.475,4.0,15,19,5,10,0.3333333333333333,0.7368421052631579,0.6666666666666666,13.983333333333333,non-overlapping daily forecast anchors and disjoint run extraction
validation_daily,LightGBM,threshold_sweep,empty,0.5,4.0,15,19,5,10,0.3333333333333333,0.7368421052631579,0.6666666666666666,13.716666666666667,non-overlapping daily forecast anchors and disjoint run extraction
validation_daily,LightGBM,threshold_sweep,empty,0.525,4.0,15,19,5,10,0.3333333333333333,0.7368421052631579,0.6666666666666666,13.466666666666667,non-overlapping daily forecast anchors and disjoint run extraction
validation_daily,LightGBM,threshold_sweep,empty,0.55,4.0,14,19,5,9,0.35714285714285715,0.7368421052631579,0.6428571428571429,13.589285714285714,non-overlapping daily forecast anchors and disjoint run extraction
validation_daily,LightGBM,threshold_sweep,empty,0.575,4.0,14,19,5,9,0.35714285714285715,0.7368421052631579,0.6428571428571429,13.375,non-overlapping daily forecast anchors and disjoint run extraction
validation_daily,LightGBM,threshold_sweep,empty,0.6,4.0,14,19,5,9,0.35714285714285715,0.7368421052631579,0.6428571428571429,13.196428571428571,non-overlapping daily forecast anchors and disjoint run extraction
validation_daily,LightGBM,threshold_sweep,empty,0.625,4.0,14,19,5,9,0.35714285714285715,0.7368421052631579,0.6428571428571429,12.982142857142858,non-overlapping daily forecast anchors and disjoint run extraction
validation_daily,LightGBM,threshold_sweep,empty,0.65,4.0,14,19,6,8,0.42857142857142855,0.7368421052631579,0.5714285714285714,12.857142857142858,non-overlapping daily forecast anchors and disjoint run extraction
validation_daily,LightGBM,threshold_sweep,empty,0.675,4.0,13,19,5,8,0.38461538461538464,0.6842105263157895,0.6153846153846154,13.23076923076923,non-overlapping daily forecast anchors and disjoint run extraction
validation_daily,LightGBM,threshold_sweep,empty,0.7,4.0,13,19,6,7,0.46153846153846156,0.6842105263157895,0.5384615384615384,12.673076923076923,non-overlapping daily forecast anchors and disjoint run extraction
validation_daily,LightGBM,threshold_sweep,empty,0.725,4.0,14,19,7,7,0.5,0.6842105263157895,0.5,11.589285714285714,non-overlapping daily forecast anchors and disjoint run extraction
validation_daily,LightGBM,threshold_sweep,empty,0.75,4.0,15,19,7,8,0.4666666666666667,0.6842105263157895,0.5333333333333333,9.75,non-overlapping daily forecast anchors and disjoint run extraction
validation_daily,LightGBM,threshold_sweep,empty,0.775,4.0,13,19,5,8,0.38461538461538464,0.631578947368421,0.6153846153846154,10.057692307692308,non-overlapping daily forecast anchors and disjoint run extraction
validation_daily,LightGBM,threshold_sweep,empty,0.8,4.0,12,19,5,7,0.4166666666666667,0.631578947368421,0.5833333333333334,9.895833333333334,non-overlapping daily forecast anchors and disjoint run extraction
validation_daily,LightGBM,threshold_sweep,empty,0.825,4.0,12,19,5,7,0.4166666666666667,0.631578947368421,0.5833333333333334,9.333333333333334,non-overlapping daily forecast anchors and disjoint run extraction
validation_daily,LightGBM,threshold_sweep,empty,0.85,4.0,12,19,6,6,0.5,0.5789473684210527,0.5,7.5,non-overlapping daily forecast anchors and disjoint run extraction
validation_daily,LightGBM,threshold_sweep,empty,0.875,4.0,11,19,6,5,0.5454545454545454,0.5263157894736842,0.45454545454545453,6.840909090909091,non-overlapping daily forecast anchors and disjoint run extraction
validation_daily,LightGBM,threshold_sweep,empty,0.9,4.0,11,19,7,4,0.6363636363636364,0.5263157894736842,0.36363636363636365,5.818181818181818,non-overlapping daily forecast anchors and disjoint run extraction
validation_daily,LightGBM,threshold_sweep,empty,0.925,4.0,11,19,8,3,0.7272727272727273,0.5263157894736842,0.2727272727272727,5.4772727272727275,non-overlapping daily forecast anchors and disjoint run extraction
validation_daily,LightGBM,threshold_sweep,empty,0.95,4.0,9,19,8,1,0.8888888888888888,0.47368421052631576,0.1111111111111111,5.027777777777778,non-overlapping daily forecast anchors and disjoint run extraction
validation_daily,Random forest,threshold_sweep,empty,0.05,1.0,58,44,1,57,0.017241379310344827,1.0,0.9827586206896551,13.219827586206897,non-overlapping daily forecast anchors and disjoint run extraction
validation_daily,Random forest,threshold_sweep,empty,0.075,1.0,61,44,1,60,0.01639344262295082,1.0,0.9836065573770492,11.524590163934427,non-overlapping daily forecast anchors and disjoint run extraction
validation_daily,Random forest,threshold_sweep,empty,0.1,1.0,62,44,1,61,0.016129032258064516,0.9772727272727273,0.9838709677419355,10.524193548387096,non-overlapping daily forecast anchors and disjoint run extraction
validation_daily,Random forest,threshold_sweep,empty,0.125,1.0,59,44,1,58,0.01694915254237288,0.9772727272727273,0.9830508474576272,10.127118644067796,non-overlapping daily forecast anchors and disjoint run extraction
validation_daily,Random forest,threshold_sweep,empty,0.15,1.0,59,44,3,56,0.05084745762711865,0.9545454545454546,0.9491525423728814,9.364406779661017,non-overlapping daily forecast anchors and disjoint run extraction
validation_daily,Random forest,threshold_sweep,empty,0.175,1.0,53,44,4,49,0.07547169811320754,0.9545454545454546,0.9245283018867925,9.415094339622641,non-overlapping daily forecast anchors and disjoint run extraction
validation_daily,Random forest,threshold_sweep,empty,0.2,1.0,51,44,5,46,0.09803921568627451,0.9545454545454546,0.9019607843137255,8.941176470588236,non-overlapping daily forecast anchors and disjoint run extraction
validation_daily,Random forest,threshold_sweep,empty,0.225,1.0,49,44,6,43,0.12244897959183673,0.9318181818181818,0.8775510204081632,8.846938775510203,non-overlapping daily forecast anchors and disjoint run extraction
validation_daily,Random forest,threshold_sweep,empty,0.25,1.0,48,44,5,43,0.10416666666666667,0.9318181818181818,0.8958333333333334,8.744791666666666,non-overlapping daily forecast anchors and disjoint run extraction
validation_daily,Random forest,threshold_sweep,empty,0.275,1.0,48,44,5,43,0.10416666666666667,0.9318181818181818,0.8958333333333334,8.442708333333334,non-overlapping daily forecast anchors and disjoint run extraction
validation_daily,Random forest,threshold_sweep,empty,0.3,1.0,46,44,7,39,0.15217391304347827,0.9318181818181818,0.8478260869565217,8.483695652173912,non-overlapping daily forecast anchors and disjoint run extraction
validation_daily,Random forest,threshold_sweep,empty,0.325,1.0,45,44,9,36,0.2,0.9090909090909091,0.8,8.222222222222221,non-overlapping daily forecast anchors and disjoint run extraction
validation_daily,Random forest,threshold_sweep,empty,0.35,1.0,46,44,13,33,0.2826086956521739,0.9090909090909091,0.717391304347826,7.266304347826087,non-overlapping daily forecast anchors and disjoint run extraction
validation_daily,Random forest,threshold_sweep,empty,0.375,1.0,44,44,12,32,0.2727272727272727,0.9090909090909091,0.7272727272727273,7.238636363636363,non-overlapping daily forecast anchors and disjoint run extraction
validation_daily,Random forest,threshold_sweep,empty,0.4,1.0,42,44,12,30,0.2857142857142857,0.8863636363636364,0.7142857142857143,7.3273809523809526,non-overlapping daily forecast anchors and disjoint run extraction
validation_daily,Random forest,threshold_sweep,empty,0.425,1.0,40,44,15,25,0.375,0.8863636363636364,0.625,7.4,non-overlapping daily forecast anchors and disjoint run extraction
validation_daily,Random forest,threshold_sweep,empty,0.45,1.0,41,44,15,26,0.36585365853658536,0.8863636363636364,0.6341463414634146,7.048780487804878,non-overlapping daily forecast anchors and disjoint run extraction
validation_daily,Random forest,threshold_sweep,empty,0.475,1.0,42,44,17,25,0.40476190476190477,0.8863636363636364,0.5952380952380952,6.761904761904762,non-overlapping daily forecast anchors and disjoint run extraction
validation_daily,Random forest,threshold_sweep,empty,0.5,1.0,40,44,16,24,0.4,0.8636363636363636,0.6,6.91875,non-overlapping daily forecast anchors and disjoint run extraction
validation_daily,Random forest,threshold_sweep,empty,0.525,1.0,38,44,15,23,0.39473684210526316,0.8636363636363636,0.6052631578947368,7.052631578947368,non-overlapping daily forecast anchors and disjoint run extraction
validation_daily,Random forest,threshold_sweep,empty,0.55,1.0,38,44,17,21,0.4473684210526316,0.8636363636363636,0.5526315789473685,6.822368421052632,non-overlapping daily forecast anchors and disjoint run extraction
validation_daily,Random forest,threshold_sweep,empty,0.575,1.0,37,44,17,20,0.4594594594594595,0.8409090909090909,0.5405405405405406,6.574324324324325,non-overlapping daily forecast anchors and disjoint run extraction
validation_daily,Random forest,threshold_sweep,empty,0.6,1.0,37,44,19,18,0.5135135135135135,0.8409090909090909,0.4864864864864865,6.371621621621622,non-overlapping daily forecast anchors and disjoint run extraction
validation_daily,Random forest,threshold_sweep,empty,0.625,1.0,37,44,21,16,0.5675675675675675,0.8409090909090909,0.43243243243243246,6.162162162162162,non-overlapping daily forecast anchors and disjoint run extraction
validation_daily,Random forest,threshold_sweep,empty,0.65,1.0,35,44,20,15,0.5714285714285714,0.7727272727272727,0.42857142857142855,6.214285714285714,non-overlapping daily forecast anchors and disjoint run extraction
validation_daily,Random forest,threshold_sweep,empty,0.675,1.0,35,44,21,14,0.6,0.7727272727272727,0.4,5.992857142857143,non-overlapping daily forecast anchors and disjoint run extraction
validation_daily,Random forest,threshold_sweep,empty,0.7,1.0,34,44,20,14,0.5882352941176471,0.7727272727272727,0.4117647058823529,5.6911764705882355,non-overlapping daily forecast anchors and disjoint run extraction
validation_daily,Random forest,threshold_sweep,empty,0.725,1.0,34,44,19,15,0.5588235294117647,0.75,0.4411764705882353,5.375,non-overlapping daily forecast anchors and disjoint run extraction
validation_daily,Random forest,threshold_sweep,empty,0.75,1.0,32,44,20,12,0.625,0.7272727272727273,0.375,5.171875,non-overlapping daily forecast anchors and disjoint run extraction
validation_daily,Random forest,threshold_sweep,empty,0.775,1.0,32,44,20,12,0.625,0.7045454545454546,0.375,4.7421875,non-overlapping daily forecast anchors and disjoint run extraction
validation_daily,Random forest,threshold_sweep,empty,0.8,1.0,30,44,19,11,0.6333333333333333,0.6590909090909091,0.36666666666666664,4.25,non-overlapping daily forecast anchors and disjoint run extraction
validation_daily,Random forest,threshold_sweep,empty,0.825,1.0,26,44,16,10,0.6153846153846154,0.5454545454545454,0.38461538461538464,3.923076923076923,non-overlapping daily forecast anchors and disjoint run extraction
validation_daily,Random forest,threshold_sweep,empty,0.85,1.0,25,44,16,9,0.64,0.4772727272727273,0.36,3.31,non-overlapping daily forecast anchors and disjoint run extraction
validation_daily,Random forest,threshold_sweep,empty,0.875,1.0,22,44,15,7,0.6818181818181818,0.4090909090909091,0.3181818181818182,2.977272727272727,non-overlapping daily forecast anchors and disjoint run extraction
validation_daily,Random forest,threshold_sweep,empty,0.9,1.0,17,44,11,6,0.6470588235294118,0.3181818181818182,0.35294117647058826,2.8529411764705883,non-overlapping daily forecast anchors and disjoint run extraction
validation_daily,Random forest,threshold_sweep,empty,0.925,1.0,11,44,10,1,0.9090909090909091,0.20454545454545456,0.09090909090909091,2.7045454545454546,non-overlapping daily forecast anchors and disjoint run extraction
validation_daily,Random forest,threshold_sweep,empty,0.95,1.0,3,44,3,0,1.0,0.06818181818181818,0.0,2.5,non-overlapping daily forecast anchors and disjoint run extraction
validation_daily,Random forest,threshold_sweep,empty,0.05,2.0,58,38,1,57,0.017241379310344827,1.0,0.9827586206896551,13.219827586206897,non-overlapping daily forecast anchors and disjoint run extraction
validation_daily,Random forest,threshold_sweep,empty,0.075,2.0,60,38,1,59,0.016666666666666666,1.0,0.9833333333333333,11.691666666666666,non-overlapping daily forecast anchors and disjoint run extraction
validation_daily,Random forest,threshold_sweep,empty,0.1,2.0,59,38,1,58,0.01694915254237288,0.9736842105263158,0.9830508474576272,11.004237288135593,non-overlapping daily forecast anchors and disjoint run extraction
validation_daily,Random forest,threshold_sweep,empty,0.125,2.0,58,38,1,57,0.017241379310344827,0.9736842105263158,0.9827586206896551,10.275862068965518,non-overlapping daily forecast anchors and disjoint run extraction
validation_daily,Random forest,threshold_sweep,empty,0.15,2.0,59,38,3,56,0.05084745762711865,0.9736842105263158,0.9491525423728814,9.364406779661017,non-overlapping daily forecast anchors and disjoint run extraction
validation_daily,Random forest,threshold_sweep,empty,0.175,2.0,51,38,4,47,0.0784313725490196,0.9736842105263158,0.9215686274509803,9.745098039215685,non-overlapping daily forecast anchors and disjoint run extraction
validation_daily,Random forest,threshold_sweep,empty,0.2,2.0,51,38,5,46,0.09803921568627451,0.9736842105263158,0.9019607843137255,8.941176470588236,non-overlapping daily forecast anchors and disjoint run extraction
validation_daily,Random forest,threshold_sweep,empty,0.225,2.0,47,38,5,42,0.10638297872340426,0.9473684210526315,0.8936170212765957,9.164893617021276,non-overlapping daily forecast anchors and disjoint run extraction
validation_daily,Random forest,threshold_sweep,empty,0.25,2.0,47,38,5,42,0.10638297872340426,0.9473684210526315,0.8936170212765957,8.909574468085106,non-overlapping daily forecast anchors and disjoint run extraction
validation_daily,Random forest,threshold_sweep,empty,0.275,2.0,45,38,5,40,0.1111111111111111,0.9473684210526315,0.8888888888888888,8.916666666666666,non-overlapping daily forecast anchors and disjoint run extraction
validation_daily,Random forest,threshold_sweep,empty,0.3,2.0,43,38,7,36,0.16279069767441862,0.9473684210526315,0.8372093023255814,8.982558139534884,non-overlapping daily forecast anchors and disjoint run extraction
validation_daily,Random forest,threshold_sweep,empty,0.325,2.0,42,38,9,33,0.21428571428571427,0.9210526315789473,0.7857142857142857,8.726190476190476,non-overlapping daily forecast anchors and disjoint run extraction
validation_daily,Random forest,threshold_sweep,empty,0.35,2.0,43,38,12,31,0.27906976744186046,0.9210526315789473,0.7209302325581395,7.686046511627907,non-overlapping daily forecast anchors and disjoint run extraction
validation_daily,Random forest,threshold_sweep,empty,0.375,2.0,42,38,12,30,0.2857142857142857,0.9210526315789473,0.7142857142857143,7.523809523809524,non-overlapping daily forecast anchors and disjoint run extraction
validation_daily,Random forest,threshold_sweep,empty,0.4,2.0,41,38,12,29,0.2926829268292683,0.9210526315789473,0.7073170731707317,7.475609756097561,non-overlapping daily forecast anchors and disjoint run extraction
validation_daily,Random forest,threshold_sweep,empty,0.425,2.0,39,38,14,25,0.358974358974359,0.8947368421052632,0.6410256410256411,7.551282051282051,non-overlapping daily forecast anchors and disjoint run extraction
validation_daily,Random forest,threshold_sweep,empty,0.45,2.0,38,38,14,24,0.3684210526315789,0.8947368421052632,0.631578947368421,7.5,non-overlapping daily forecast anchors and disjoint run extraction
validation_daily,Random forest,threshold_sweep,empty,0.475,2.0,37,38,14,23,0.3783783783783784,0.868421052631579,0.6216216216216216,7.5,non-overlapping daily forecast anchors and disjoint run extraction
validation_daily,Random forest,threshold_sweep,empty,0.5,2.0,37,38,14,23,0.3783783783783784,0.868421052631579,0.6216216216216216,7.378378378378378,non-overlapping daily forecast anchors and disjoint run extraction
validation_daily,Random forest,threshold_sweep,empty,0.525,2.0,37,38,14,23,0.3783783783783784,0.868421052631579,0.6216216216216216,7.202702702702703,non-overlapping daily forecast anchors and disjoint run extraction
validation_daily,Random forest,threshold_sweep,empty,0.55,2.0,36,38,15,21,0.4166666666666667,0.8421052631578947,0.5833333333333334,7.131944444444445,non-overlapping daily forecast anchors and disjoint run extraction
validation_daily,Random forest,threshold_sweep,empty,0.575,2.0,35,38,16,19,0.45714285714285713,0.8421052631578947,0.5428571428571428,6.878571428571429,non-overlapping daily forecast anchors and disjoint run extraction
validation_daily,Random forest,threshold_sweep,empty,0.6,2.0,34,38,17,17,0.5,0.8157894736842105,0.5,6.8088235294117645,non-overlapping daily forecast anchors and disjoint run extraction
validation_daily,Random forest,threshold_sweep,empty,0.625,2.0,32,38,18,14,0.5625,0.7631578947368421,0.4375,6.890625,non-overlapping daily forecast anchors and disjoint run extraction
validation_daily,Random forest,threshold_sweep,empty,0.65,2.0,32,38,18,14,0.5625,0.7631578947368421,0.4375,6.671875,non-overlapping daily forecast anchors and disjoint run extraction
validation_daily,Random forest,threshold_sweep,empty,0.675,2.0,32,38,18,14,0.5625,0.7631578947368421,0.4375,6.4375,non-overlapping daily forecast anchors and disjoint run extraction
validation_daily,Random forest,threshold_sweep,empty,0.7,2.0,32,38,18,14,0.5625,0.7631578947368421,0.4375,5.9609375,non-overlapping daily forecast anchors and disjoint run extraction
validation_daily,Random forest,threshold_sweep,empty,0.725,2.0,32,38,17,15,0.53125,0.7368421052631579,0.46875,5.609375,non-overlapping daily forecast anchors and disjoint run extraction
validation_daily,Random forest,threshold_sweep,empty,0.75,2.0,30,38,18,12,0.6,0.7105263157894737,0.4,5.425,non-overlapping daily forecast anchors and disjoint run extraction
validation_daily,Random forest,threshold_sweep,empty,0.775,2.0,28,38,17,11,0.6071428571428571,0.6578947368421053,0.39285714285714285,5.178571428571429,non-overlapping daily forecast anchors and disjoint run extraction
validation_daily,Random forest,threshold_sweep,empty,0.8,2.0,27,38,16,11,0.5925925925925926,0.6052631578947368,0.4074074074074074,4.583333333333333,non-overlapping daily forecast anchors and disjoint run extraction
validation_daily,Random forest,threshold_sweep,empty,0.825,2.0,23,38,13,10,0.5652173913043478,0.5,0.43478260869565216,4.271739130434782,non-overlapping daily forecast anchors and disjoint run extraction
validation_daily,Random forest,threshold_sweep,empty,0.85,2.0,23,38,14,9,0.6086956521739131,0.47368421052631576,0.391304347826087,3.4782608695652173,non-overlapping daily forecast anchors and disjoint run extraction
validation_daily,Random forest,threshold_sweep,empty,0.875,2.0,16,38,10,6,0.625,0.3684210526315789,0.375,3.546875,non-overlapping daily forecast anchors and disjoint run extraction
validation_daily,Random forest,threshold_sweep,empty,0.9,2.0,10,38,7,3,0.7,0.23684210526315788,0.3,3.925,non-overlapping daily forecast anchors and disjoint run extraction
validation_daily,Random forest,threshold_sweep,empty,0.925,2.0,6,38,6,0,1.0,0.15789473684210525,0.0,3.9166666666666665,non-overlapping daily forecast anchors and disjoint run extraction
validation_daily,Random forest,threshold_sweep,empty,0.95,2.0,1,38,1,0,1.0,0.02631578947368421,0.0,4.25,non-overlapping daily forecast anchors and disjoint run extraction
validation_daily,Random forest,threshold_sweep,empty,0.05,4.0,57,19,1,56,0.017543859649122806,1.0,0.9824561403508771,13.412280701754385,non-overlapping daily forecast anchors and disjoint run extraction
validation_daily,Random forest,threshold_sweep,empty,0.075,4.0,59,19,1,58,0.01694915254237288,1.0,0.9830508474576272,11.851694915254237,non-overlapping daily forecast anchors and disjoint run extraction
validation_daily,Random forest,threshold_sweep,empty,0.1,4.0,56,19,1,55,0.017857142857142856,1.0,0.9821428571428571,11.446428571428571,non-overlapping daily forecast anchors and disjoint run extraction
validation_daily,Random forest,threshold_sweep,empty,0.125,4.0,51,19,0,51,0.0,1.0,1.0,11.27450980392157,non-overlapping daily forecast anchors and disjoint run extraction
validation_daily,Random forest,threshold_sweep,empty,0.15,4.0,43,19,0,43,0.0,0.9473684210526315,1.0,11.936046511627907,non-overlapping daily forecast anchors and disjoint run extraction
validation_daily,Random forest,threshold_sweep,empty,0.175,4.0,41,19,0,41,0.0,0.9473684210526315,1.0,11.463414634146341,non-overlapping daily forecast anchors and disjoint run extraction
validation_daily,Random forest,threshold_sweep,empty,0.2,4.0,32,19,1,31,0.03125,0.9473684210526315,0.96875,12.5703125,non-overlapping daily forecast anchors and disjoint run extraction
validation_daily,Random forest,threshold_sweep,empty,0.225,4.0,29,19,1,28,0.034482758620689655,0.9473684210526315,0.9655172413793104,13.017241379310345,non-overlapping daily forecast anchors and disjoint run extraction
validation_daily,Random forest,threshold_sweep,empty,0.25,4.0,26,19,1,25,0.038461538461538464,0.8947368421052632,0.9615384615384616,13.711538461538462,non-overlapping daily forecast anchors and disjoint run extraction
validation_daily,Random forest,threshold_sweep,empty,0.275,4.0,24,19,1,23,0.041666666666666664,0.8947368421052632,0.9583333333333334,14.09375,non-overlapping daily forecast anchors and disjoint run extraction
validation_daily,Random forest,threshold_sweep,empty,0.3,4.0,24,19,2,22,0.08333333333333333,0.8947368421052632,0.9166666666666666,13.6875,non-overlapping daily forecast anchors and disjoint run extraction
validation_daily,Random forest,threshold_sweep,empty,0.325,4.0,21,19,2,19,0.09523809523809523,0.7894736842105263,0.9047619047619048,14.404761904761905,non-overlapping daily forecast anchors and disjoint run extraction
validation_daily,Random forest,threshold_sweep,empty,0.35,4.0,21,19,4,17,0.19047619047619047,0.7894736842105263,0.8095238095238095,12.547619047619047,non-overlapping daily forecast anchors and disjoint run extraction
validation_daily,Random forest,threshold_sweep,empty,0.375,4.0,20,19,4,16,0.2,0.7894736842105263,0.8,12.4875,non-overlapping daily forecast anchors and disjoint run extraction
validation_daily,Random forest,threshold_sweep,empty,0.4,4.0,18,19,4,14,0.2222222222222222,0.7894736842105263,0.7777777777777778,13.180555555555555,non-overlapping daily forecast anchors and disjoint run extraction
validation_daily,Random forest,threshold_sweep,empty,0.425,4.0,17,19,5,12,0.29411764705882354,0.7894736842105263,0.7058823529411765,13.529411764705882,non-overlapping daily forecast anchors and disjoint run extraction
validation_daily,Random forest,threshold_sweep,empty,0.45,4.0,17,19,5,12,0.29411764705882354,0.7894736842105263,0.7058823529411765,13.25,non-overlapping daily forecast anchors and disjoint run extraction
validation_daily,Random forest,threshold_sweep,empty,0.475,4.0,17,19,6,11,0.35294117647058826,0.7894736842105263,0.6470588235294118,13.117647058823529,non-overlapping daily forecast anchors and disjoint run extraction
validation_daily,Random forest,threshold_sweep,empty,0.5,4.0,17,19,6,11,0.35294117647058826,0.7894736842105263,0.6470588235294118,12.926470588235293,non-overlapping daily forecast anchors and disjoint run extraction
validation_daily,Random forest,threshold_sweep,empty,0.525,4.0,16,19,6,10,0.375,0.7368421052631579,0.625,13.1875,non-overlapping daily forecast anchors and disjoint run extraction
validation_daily,Random forest,threshold_sweep,empty,0.55,4.0,16,19,6,10,0.375,0.7368421052631579,0.625,12.8125,non-overlapping daily forecast anchors and disjoint run extraction
validation_daily,Random forest,threshold_sweep,empty,0.575,4.0,15,19,6,9,0.4,0.7368421052631579,0.6,12.666666666666666,non-overlapping daily forecast anchors and disjoint run extraction
validation_daily,Random forest,threshold_sweep,empty,0.6,4.0,15,19,7,8,0.4666666666666667,0.7368421052631579,0.5333333333333333,12.3,non-overlapping daily forecast anchors and disjoint run extraction
validation_daily,Random forest,threshold_sweep,empty,0.625,4.0,14,19,7,7,0.5,0.7368421052631579,0.5,12.589285714285714,non-overlapping daily forecast anchors and disjoint run extraction
validation_daily,Random forest,threshold_sweep,empty,0.65,4.0,14,19,7,7,0.5,0.7368421052631579,0.5,12.178571428571429,non-overlapping daily forecast anchors and disjoint run extraction
validation_daily,Random forest,threshold_sweep,empty,0.675,4.0,14,19,7,7,0.5,0.7368421052631579,0.5,11.75,non-overlapping daily forecast anchors and disjoint run extraction
validation_daily,Random forest,threshold_sweep,empty,0.7,4.0,14,19,7,7,0.5,0.7368421052631579,0.5,10.767857142857142,non-overlapping daily forecast anchors and disjoint run extraction
validation_daily,Random forest,threshold_sweep,empty,0.725,4.0,14,19,7,7,0.5,0.7368421052631579,0.5,9.964285714285714,non-overlapping daily forecast anchors and disjoint run extraction
validation_daily,Random forest,threshold_sweep,empty,0.75,4.0,13,19,6,7,0.46153846153846156,0.6842105263157895,0.5384615384615384,9.653846153846153,non-overlapping daily forecast anchors and disjoint run extraction
validation_daily,Random forest,threshold_sweep,empty,0.775,4.0,13,19,7,6,0.5384615384615384,0.6842105263157895,0.46153846153846156,8.653846153846153,non-overlapping daily forecast anchors and disjoint run extraction
validation_daily,Random forest,threshold_sweep,empty,0.8,4.0,10,19,4,6,0.4,0.5263157894736842,0.6,8.475,non-overlapping daily forecast anchors and disjoint run extraction
validation_daily,Random forest,threshold_sweep,empty,0.825,4.0,10,19,4,6,0.4,0.47368421052631576,0.6,7.025,non-overlapping daily forecast anchors and disjoint run extraction
validation_daily,Random forest,threshold_sweep,empty,0.85,4.0,8,19,5,3,0.625,0.3684210526315789,0.375,5.9375,non-overlapping daily forecast anchors and disjoint run extraction
validation_daily,Random forest,threshold_sweep,empty,0.875,4.0,7,19,5,2,0.7142857142857143,0.3157894736842105,0.2857142857142857,5.321428571428571,non-overlapping daily forecast anchors and disjoint run extraction
validation_daily,Random forest,threshold_sweep,empty,0.9,4.0,6,19,5,1,0.8333333333333334,0.3157894736842105,0.16666666666666666,5.0,non-overlapping daily forecast anchors and disjoint run extraction
validation_daily,Random forest,threshold_sweep,empty,0.925,4.0,4,19,4,0,1.0,0.21052631578947367,0.0,4.4375,non-overlapping daily forecast anchors and disjoint run extraction
validation_daily,Random forest,threshold_sweep,empty,0.95,4.0,1,19,1,0,1.0,0.05263157894736842,0.0,4.25,non-overlapping daily forecast anchors and disjoint run extraction
validation_daily,DLinear,threshold_sweep,empty,0.05,1.0,39,44,0,39,0.0,1.0,1.0,23.69871794871795,non-overlapping daily forecast anchors and disjoint run extraction
validation_daily,DLinear,threshold_sweep,empty,0.075,1.0,39,44,0,39,0.0,1.0,1.0,23.16025641025641,non-overlapping daily forecast anchors and disjoint run extraction
validation_daily,DLinear,threshold_sweep,empty,0.1,1.0,39,44,0,39,0.0,1.0,1.0,22.923076923076923,non-overlapping daily forecast anchors and disjoint run extraction
validation_daily,DLinear,threshold_sweep,empty,0.125,1.0,39,44,0,39,0.0,1.0,1.0,22.762820512820515,non-overlapping daily forecast anchors and disjoint run extraction
validation_daily,DLinear,threshold_sweep,empty,0.15,1.0,42,44,0,42,0.0,1.0,1.0,20.988095238095237,non-overlapping daily forecast anchors and disjoint run extraction
validation_daily,DLinear,threshold_sweep,empty,0.175,1.0,44,44,0,44,0.0,1.0,1.0,19.755681818181817,non-overlapping daily forecast anchors and disjoint run extraction
validation_daily,DLinear,threshold_sweep,empty,0.2,1.0,45,44,1,44,0.022222222222222223,0.9772727272727273,0.9777777777777777,19.016666666666666,non-overlapping daily forecast anchors and disjoint run extraction
validation_daily,DLinear,threshold_sweep,empty,0.225,1.0,50,44,0,50,0.0,0.9318181818181818,1.0,16.675,non-overlapping daily forecast anchors and disjoint run extraction
validation_daily,DLinear,threshold_sweep,empty,0.25,1.0,60,44,3,57,0.05,0.9318181818181818,0.95,13.341666666666667,non-overlapping daily forecast anchors and disjoint run extraction
validation_daily,DLinear,threshold_sweep,empty,0.275,1.0,87,44,12,75,0.13793103448275862,0.9318181818181818,0.8620689655172413,8.517241379310345,non-overlapping daily forecast anchors and disjoint run extraction
validation_daily,DLinear,threshold_sweep,empty,0.3,1.0,78,44,15,63,0.19230769230769232,0.9318181818181818,0.8076923076923077,8.477564102564102,non-overlapping daily forecast anchors and disjoint run extraction
validation_daily,DLinear,threshold_sweep,empty,0.325,1.0,99,44,16,83,0.16161616161616163,0.9318181818181818,0.8383838383838383,5.888888888888889,non-overlapping daily forecast anchors and disjoint run extraction
validation_daily,DLinear,threshold_sweep,empty,0.35,1.0,91,44,14,77,0.15384615384615385,0.9318181818181818,0.8461538461538461,4.887362637362638,non-overlapping daily forecast anchors and disjoint run extraction
validation_daily,DLinear,threshold_sweep,empty,0.375,1.0,72,44,19,53,0.2638888888888889,0.9090909090909091,0.7361111111111112,5.118055555555555,non-overlapping daily forecast anchors and disjoint run extraction
validation_daily,DLinear,threshold_sweep,empty,0.4,1.0,52,44,16,36,0.3076923076923077,0.8863636363636364,0.6923076923076923,5.918269230769231,non-overlapping daily forecast anchors and disjoint run extraction
validation_daily,DLinear,threshold_sweep,empty,0.425,1.0,45,44,16,29,0.35555555555555557,0.8863636363636364,0.6444444444444445,6.216666666666667,non-overlapping daily forecast anchors and disjoint run extraction
validation_daily,DLinear,threshold_sweep,empty,0.45,1.0,44,44,18,26,0.4090909090909091,0.8863636363636364,0.5909090909090909,6.176136363636363,non-overlapping daily forecast anchors and disjoint run extraction
validation_daily,DLinear,threshold_sweep,empty,0.475,1.0,42,44,19,23,0.4523809523809524,0.8863636363636364,0.5476190476190477,6.291666666666667,non-overlapping daily forecast anchors and disjoint run extraction
validation_daily,DLinear,threshold_sweep,empty,0.5,1.0,42,44,19,23,0.4523809523809524,0.8636363636363636,0.5476190476190477,6.095238095238095,non-overlapping daily forecast anchors and disjoint run extraction
validation_daily,DLinear,threshold_sweep,empty,0.525,1.0,41,44,17,24,0.4146341463414634,0.8409090909090909,0.5853658536585366,6.0182926829268295,non-overlapping daily forecast anchors and disjoint run extraction
validation_daily,DLinear,threshold_sweep,empty,0.55,1.0,36,44,14,22,0.3888888888888889,0.7954545454545454,0.6111111111111112,6.541666666666667,non-overlapping daily forecast anchors and disjoint run extraction
validation_daily,DLinear,threshold_sweep,empty,0.575,1.0,34,44,14,20,0.4117647058823529,0.75,0.5882352941176471,6.669117647058823,non-overlapping daily forecast anchors and disjoint run extraction
validation_daily,DLinear,threshold_sweep,empty,0.6,1.0,34,44,15,19,0.4411764705882353,0.7272727272727273,0.5588235294117647,6.477941176470588,non-overlapping daily forecast anchors and disjoint run extraction
validation_daily,DLinear,threshold_sweep,empty,0.625,1.0,32,44,14,18,0.4375,0.7045454545454546,0.5625,6.609375,non-overlapping daily forecast anchors and disjoint run extraction
validation_daily,DLinear,threshold_sweep,empty,0.65,1.0,38,44,18,20,0.47368421052631576,0.6590909090909091,0.5263157894736842,5.177631578947368,non-overlapping daily forecast anchors and disjoint run extraction
validation_daily,DLinear,threshold_sweep,empty,0.675,1.0,38,44,18,20,0.47368421052631576,0.6136363636363636,0.5263157894736842,4.578947368421052,non-overlapping daily forecast anchors and disjoint run extraction
validation_daily,DLinear,threshold_sweep,empty,0.7,1.0,39,44,17,22,0.4358974358974359,0.5909090909090909,0.5641025641025641,3.8461538461538463,non-overlapping daily forecast anchors and disjoint run extraction
validation_daily,DLinear,threshold_sweep,empty,0.725,1.0,37,44,16,21,0.43243243243243246,0.5,0.5675675675675675,3.3716216216216215,non-overlapping daily forecast anchors and disjoint run extraction
validation_daily,DLinear,threshold_sweep,empty,0.75,1.0,27,44,12,15,0.4444444444444444,0.4090909090909091,0.5555555555555556,3.5,non-overlapping daily forecast anchors and disjoint run extraction
validation_daily,DLinear,threshold_sweep,empty,0.775,1.0,15,44,6,9,0.4,0.22727272727272727,0.6,4.583333333333333,non-overlapping daily forecast anchors and disjoint run extraction
validation_daily,DLinear,threshold_sweep,empty,0.8,1.0,7,44,3,4,0.42857142857142855,0.1590909090909091,0.5714285714285714,7.392857142857143,non-overlapping daily forecast anchors and disjoint run extraction
validation_daily,DLinear,threshold_sweep,empty,0.825,1.0,6,44,3,3,0.5,0.13636363636363635,0.5,7.208333333333333,non-overlapping daily forecast anchors and disjoint run extraction
validation_daily,DLinear,threshold_sweep,empty,0.85,1.0,6,44,4,2,0.6666666666666666,0.11363636363636363,0.3333333333333333,5.375,non-overlapping daily forecast anchors and disjoint run extraction
validation_daily,DLinear,threshold_sweep,empty,0.875,1.0,5,44,4,1,0.8,0.11363636363636363,0.2,5.3,non-overlapping daily forecast anchors and disjoint run extraction
validation_daily,DLinear,threshold_sweep,empty,0.9,1.0,5,44,4,1,0.8,0.09090909090909091,0.2,3.65,non-overlapping daily forecast anchors and disjoint run extraction
validation_daily,DLinear,threshold_sweep,empty,0.925,1.0,4,44,4,0,1.0,0.09090909090909091,0.0,3.25,non-overlapping daily forecast anchors and disjoint run extraction
validation_daily,DLinear,threshold_sweep,empty,0.95,1.0,4,44,4,0,1.0,0.09090909090909091,0.0,1.875,non-overlapping daily forecast anchors and disjoint run extraction
validation_daily,DLinear,threshold_sweep,empty,0.05,2.0,39,38,0,39,0.0,1.0,1.0,23.69871794871795,non-overlapping daily forecast anchors and disjoint run extraction
validation_daily,DLinear,threshold_sweep,empty,0.075,2.0,39,38,0,39,0.0,1.0,1.0,23.16025641025641,non-overlapping daily forecast anchors and disjoint run extraction
validation_daily,DLinear,threshold_sweep,empty,0.1,2.0,39,38,0,39,0.0,1.0,1.0,22.923076923076923,non-overlapping daily forecast anchors and disjoint run extraction
validation_daily,DLinear,threshold_sweep,empty,0.125,2.0,39,38,0,39,0.0,1.0,1.0,22.762820512820515,non-overlapping daily forecast anchors and disjoint run extraction
validation_daily,DLinear,threshold_sweep,empty,0.15,2.0,42,38,0,42,0.0,1.0,1.0,20.988095238095237,non-overlapping daily forecast anchors and disjoint run extraction
validation_daily,DLinear,threshold_sweep,empty,0.175,2.0,43,38,0,43,0.0,1.0,1.0,20.191860465116278,non-overlapping daily forecast anchors and disjoint run extraction
validation_daily,DLinear,threshold_sweep,empty,0.2,2.0,44,38,0,44,0.0,0.9736842105263158,1.0,19.414772727272727,non-overlapping daily forecast anchors and disjoint run extraction
validation_daily,DLinear,threshold_sweep,empty,0.225,2.0,46,38,0,46,0.0,0.9473684210526315,1.0,18.02173913043478,non-overlapping daily forecast anchors and disjoint run extraction
validation_daily,DLinear,threshold_sweep,empty,0.25,2.0,56,38,3,53,0.05357142857142857,0.9473684210526315,0.9464285714285714,14.169642857142858,non-overlapping daily forecast anchors and disjoint run extraction
validation_daily,DLinear,threshold_sweep,empty,0.275,2.0,67,38,11,56,0.16417910447761194,0.9473684210526315,0.835820895522388,10.675373134328359,non-overlapping daily forecast anchors and disjoint run extraction
validation_daily,DLinear,threshold_sweep,empty,0.3,2.0,70,38,13,57,0.18571428571428572,0.9473684210526315,0.8142857142857143,9.310714285714285,non-overlapping daily forecast anchors and disjoint run extraction
validation_daily,DLinear,threshold_sweep,empty,0.325,2.0,84,38,14,70,0.16666666666666666,0.9473684210526315,0.8333333333333334,6.723214285714286,non-overlapping daily forecast anchors and disjoint run extraction
validation_daily,DLinear,threshold_sweep,empty,0.35,2.0,68,38,11,57,0.16176470588235295,0.8947368421052632,0.8382352941176471,6.0661764705882355,non-overlapping daily forecast anchors and disjoint run extraction
validation_daily,DLinear,threshold_sweep,empty,0.375,2.0,55,38,14,41,0.2545454545454545,0.868421052631579,0.7454545454545455,6.3,non-overlapping daily forecast anchors and disjoint run extraction
validation_daily,DLinear,threshold_sweep,empty,0.4,2.0,39,38,12,27,0.3076923076923077,0.8421052631578947,0.6923076923076923,7.416666666666667,non-overlapping daily forecast anchors and disjoint run extraction
validation_daily,DLinear,threshold_sweep,empty,0.425,2.0,36,38,12,24,0.3333333333333333,0.8157894736842105,0.6666666666666666,7.409722222222222,non-overlapping daily forecast anchors and disjoint run extraction
validation_daily,DLinear,threshold_sweep,empty,0.45,2.0,35,38,13,22,0.37142857142857144,0.8157894736842105,0.6285714285714286,7.435714285714286,non-overlapping daily forecast anchors and disjoint run extraction
validation_daily,DLinear,threshold_sweep,empty,0.475,2.0,32,38,12,20,0.375,0.7368421052631579,0.625,7.8203125,non-overlapping daily forecast anchors and disjoint run extraction
validation_daily,DLinear,threshold_sweep,empty,0.5,2.0,31,38,12,19,0.3870967741935484,0.7105263157894737,0.6129032258064516,7.790322580645161,non-overlapping daily forecast anchors and disjoint run extraction
validation_daily,DLinear,threshold_sweep,empty,0.525,2.0,32,38,12,20,0.375,0.7105263157894737,0.625,7.3671875,non-overlapping daily forecast anchors and disjoint run extraction
validation_daily,DLinear,threshold_sweep,empty,0.55,2.0,31,38,12,19,0.3870967741935484,0.7105263157894737,0.6129032258064516,7.370967741935484,non-overlapping daily forecast anchors and disjoint run extraction
validation_daily,DLinear,threshold_sweep,empty,0.575,2.0,31,38,12,19,0.3870967741935484,0.7105263157894737,0.6129032258064516,7.185483870967742,non-overlapping daily forecast anchors and disjoint run extraction
validation_daily,DLinear,threshold_sweep,empty,0.6,2.0,30,38,11,19,0.36666666666666664,0.6578947368421053,0.6333333333333333,7.141666666666667,non-overlapping daily forecast anchors and disjoint run extraction
validation_daily,DLinear,threshold_sweep,empty,0.625,2.0,25,38,7,18,0.28,0.5526315789473685,0.72,7.99,non-overlapping daily forecast anchors and disjoint run extraction
validation_daily,DLinear,threshold_sweep,empty,0.65,2.0,26,38,8,18,0.3076923076923077,0.5,0.6923076923076923,6.884615384615385,non-overlapping daily forecast anchors and disjoint run extraction
validation_daily,DLinear,threshold_sweep,empty,0.675,2.0,25,38,6,19,0.24,0.42105263157894735,0.76,6.18,non-overlapping daily forecast anchors and disjoint run extraction
validation_daily,DLinear,threshold_sweep,empty,0.7,2.0,21,38,3,18,0.14285714285714285,0.3684210526315789,0.8571428571428571,5.988095238095238,non-overlapping daily forecast anchors and disjoint run extraction
validation_daily,DLinear,threshold_sweep,empty,0.725,2.0,18,38,5,13,0.2777777777777778,0.2631578947368421,0.7222222222222222,5.569444444444445,non-overlapping daily forecast anchors and disjoint run extraction
validation_daily,DLinear,threshold_sweep,empty,0.75,2.0,6,38,2,4,0.3333333333333333,0.15789473684210525,0.6666666666666666,11.0,non-overlapping daily forecast anchors and disjoint run extraction
validation_daily,DLinear,threshold_sweep,empty,0.775,2.0,5,38,2,3,0.4,0.15789473684210525,0.6,11.4,non-overlapping daily forecast anchors and disjoint run extraction
validation_daily,DLinear,threshold_sweep,empty,0.8,2.0,5,38,2,3,0.4,0.15789473684210525,0.6,9.95,non-overlapping daily forecast anchors and disjoint run extraction
validation_daily,DLinear,threshold_sweep,empty,0.825,2.0,6,38,3,3,0.5,0.15789473684210525,0.5,7.208333333333333,non-overlapping daily forecast anchors and disjoint run extraction
validation_daily,DLinear,threshold_sweep,empty,0.85,2.0,5,38,4,1,0.8,0.13157894736842105,0.2,6.15,non-overlapping daily forecast anchors and disjoint run extraction
validation_daily,DLinear,threshold_sweep,empty,0.875,2.0,5,38,4,1,0.8,0.13157894736842105,0.2,5.3,non-overlapping daily forecast anchors and disjoint run extraction
validation_daily,DLinear,threshold_sweep,empty,0.9,2.0,5,38,4,1,0.8,0.10526315789473684,0.2,3.65,non-overlapping daily forecast anchors and disjoint run extraction
validation_daily,DLinear,threshold_sweep,empty,0.925,2.0,4,38,4,0,1.0,0.10526315789473684,0.0,3.25,non-overlapping daily forecast anchors and disjoint run extraction
validation_daily,DLinear,threshold_sweep,empty,0.95,2.0,2,38,2,0,1.0,0.05263157894736842,0.0,2.0,non-overlapping daily forecast anchors and disjoint run extraction
validation_daily,DLinear,threshold_sweep,empty,0.05,4.0,39,19,0,39,0.0,1.0,1.0,23.69871794871795,non-overlapping daily forecast anchors and disjoint run extraction
validation_daily,DLinear,threshold_sweep,empty,0.075,4.0,39,19,0,39,0.0,1.0,1.0,23.16025641025641,non-overlapping daily forecast anchors and disjoint run extraction
validation_daily,DLinear,threshold_sweep,empty,0.1,4.0,39,19,0,39,0.0,1.0,1.0,22.923076923076923,non-overlapping daily forecast anchors and disjoint run extraction
validation_daily,DLinear,threshold_sweep,empty,0.125,4.0,39,19,0,39,0.0,1.0,1.0,22.762820512820515,non-overlapping daily forecast anchors and disjoint run extraction
validation_daily,DLinear,threshold_sweep,empty,0.15,4.0,42,19,0,42,0.0,1.0,1.0,20.988095238095237,non-overlapping daily forecast anchors and disjoint run extraction
validation_daily,DLinear,threshold_sweep,empty,0.175,4.0,42,19,0,42,0.0,1.0,1.0,20.61904761904762,non-overlapping daily forecast anchors and disjoint run extraction
validation_daily,DLinear,threshold_sweep,empty,0.2,4.0,42,19,0,42,0.0,0.9473684210526315,1.0,20.220238095238095,non-overlapping daily forecast anchors and disjoint run extraction
validation_daily,DLinear,threshold_sweep,empty,0.225,4.0,42,19,0,42,0.0,0.9473684210526315,1.0,19.49404761904762,non-overlapping daily forecast anchors and disjoint run extraction
validation_daily,DLinear,threshold_sweep,empty,0.25,4.0,49,19,3,46,0.061224489795918366,0.8947368421052632,0.9387755102040817,15.85204081632653,non-overlapping daily forecast anchors and disjoint run extraction
validation_daily,DLinear,threshold_sweep,empty,0.275,4.0,55,19,8,47,0.14545454545454545,0.8421052631578947,0.8545454545454545,12.418181818181818,non-overlapping daily forecast anchors and disjoint run extraction
validation_daily,DLinear,threshold_sweep,empty,0.3,4.0,53,19,7,46,0.1320754716981132,0.7894736842105263,0.8679245283018868,11.38679245283019,non-overlapping daily forecast anchors and disjoint run extraction
validation_daily,DLinear,threshold_sweep,empty,0.325,4.0,61,19,8,53,0.13114754098360656,0.7894736842105263,0.8688524590163934,8.221311475409836,non-overlapping daily forecast anchors and disjoint run extraction
validation_daily,DLinear,threshold_sweep,empty,0.35,4.0,33,19,5,28,0.15151515151515152,0.7368421052631579,0.8484848484848485,9.409090909090908,non-overlapping daily forecast anchors and disjoint run extraction
validation_daily,DLinear,threshold_sweep,empty,0.375,4.0,26,19,5,21,0.19230769230769232,0.631578947368421,0.8076923076923077,10.298076923076923,non-overlapping daily forecast anchors and disjoint run extraction
validation_daily,DLinear,threshold_sweep,empty,0.4,4.0,21,19,4,17,0.19047619047619047,0.5789473684210527,0.8095238095238095,11.357142857142858,non-overlapping daily forecast anchors and disjoint run extraction
validation_daily,DLinear,threshold_sweep,empty,0.425,4.0,18,19,4,14,0.2222222222222222,0.5789473684210527,0.7777777777777778,12.055555555555555,non-overlapping daily forecast anchors and disjoint run extraction
validation_daily,DLinear,threshold_sweep,empty,0.45,4.0,17,19,3,14,0.17647058823529413,0.5263157894736842,0.8235294117647058,12.397058823529411,non-overlapping daily forecast anchors and disjoint run extraction
validation_daily,DLinear,threshold_sweep,empty,0.475,4.0,17,19,3,14,0.17647058823529413,0.5263157894736842,0.8235294117647058,12.264705882352942,non-overlapping daily forecast anchors and disjoint run extraction
validation_daily,DLinear,threshold_sweep,empty,0.5,4.0,16,19,3,13,0.1875,0.5263157894736842,0.8125,12.453125,non-overlapping daily forecast anchors and disjoint run extraction
validation_daily,DLinear,threshold_sweep,empty,0.525,4.0,14,19,3,11,0.21428571428571427,0.5263157894736842,0.7857142857142857,13.232142857142858,non-overlapping daily forecast anchors and disjoint run extraction
validation_daily,DLinear,threshold_sweep,empty,0.55,4.0,14,19,3,11,0.21428571428571427,0.5263157894736842,0.7857142857142857,13.0,non-overlapping daily forecast anchors and disjoint run extraction
validation_daily,DLinear,threshold_sweep,empty,0.575,4.0,14,19,3,11,0.21428571428571427,0.5263157894736842,0.7857142857142857,12.75,non-overlapping daily forecast anchors and disjoint run extraction
validation_daily,DLinear,threshold_sweep,empty,0.6,4.0,13,19,3,10,0.23076923076923078,0.47368421052631576,0.7692307692307693,13.173076923076923,non-overlapping daily forecast anchors and disjoint run extraction
validation_daily,DLinear,threshold_sweep,empty,0.625,4.0,13,19,3,10,0.23076923076923078,0.47368421052631576,0.7692307692307693,12.961538461538462,non-overlapping daily forecast anchors and disjoint run extraction
validation_daily,DLinear,threshold_sweep,empty,0.65,4.0,13,19,3,10,0.23076923076923078,0.42105263157894735,0.7692307692307693,11.23076923076923,non-overlapping daily forecast anchors and disjoint run extraction
validation_daily,DLinear,threshold_sweep,empty,0.675,4.0,11,19,3,8,0.2727272727272727,0.42105263157894735,0.7272727272727273,10.931818181818182,non-overlapping daily forecast anchors and disjoint run extraction
validation_daily,DLinear,threshold_sweep,empty,0.7,4.0,7,19,2,5,0.2857142857142857,0.3157894736842105,0.7142857142857143,13.214285714285714,non-overlapping daily forecast anchors and disjoint run extraction
validation_daily,DLinear,threshold_sweep,empty,0.725,4.0,6,19,3,3,0.5,0.2631578947368421,0.5,12.541666666666666,non-overlapping daily forecast anchors and disjoint run extraction
validation_daily,DLinear,threshold_sweep,empty,0.75,4.0,5,19,2,3,0.4,0.21052631578947367,0.6,12.75,non-overlapping daily forecast anchors and disjoint run extraction
validation_daily,DLinear,threshold_sweep,empty,0.775,4.0,4,19,2,2,0.5,0.21052631578947367,0.5,13.3125,non-overlapping daily forecast anchors and disjoint run extraction
validation_daily,DLinear,threshold_sweep,empty,0.8,4.0,4,19,2,2,0.5,0.21052631578947367,0.5,11.5,non-overlapping daily forecast anchors and disjoint run extraction
validation_daily,DLinear,threshold_sweep,empty,0.825,4.0,4,19,3,1,0.75,0.21052631578947367,0.25,9.125,non-overlapping daily forecast anchors and disjoint run extraction
validation_daily,DLinear,threshold_sweep,empty,0.85,4.0,4,19,3,1,0.75,0.21052631578947367,0.25,7.0,non-overlapping daily forecast anchors and disjoint run extraction
validation_daily,DLinear,threshold_sweep,empty,0.875,4.0,4,19,3,1,0.75,0.21052631578947367,0.25,5.9375,non-overlapping daily forecast anchors and disjoint run extraction
validation_daily,DLinear,threshold_sweep,empty,0.9,4.0,2,19,1,1,0.5,0.10526315789473684,0.5,5.25,non-overlapping daily forecast anchors and disjoint run extraction
validation_daily,DLinear,threshold_sweep,empty,0.925,4.0,1,19,1,0,1.0,0.05263157894736842,0.0,4.5,non-overlapping daily forecast anchors and disjoint run extraction
validation_daily,DLinear,threshold_sweep,empty,0.95,4.0,0,19,0,0,0.0,0.0,0.0,0.0,non-overlapping daily forecast anchors and disjoint run extraction
validation_daily,Transformer,threshold_sweep,empty,0.05,1.0,62,44,2,60,0.03225806451612903,0.9772727272727273,0.967741935483871,11.419354838709678,non-overlapping daily forecast anchors and disjoint run extraction
validation_daily,Transformer,threshold_sweep,empty,0.075,1.0,65,44,2,63,0.03076923076923077,0.9772727272727273,0.9692307692307692,9.803846153846154,non-overlapping daily forecast anchors and disjoint run extraction
validation_daily,Transformer,threshold_sweep,empty,0.1,1.0,66,44,3,63,0.045454545454545456,0.9772727272727273,0.9545454545454546,8.882575757575758,non-overlapping daily forecast anchors and disjoint run extraction
validation_daily,Transformer,threshold_sweep,empty,0.125,1.0,63,44,3,60,0.047619047619047616,0.9772727272727273,0.9523809523809523,8.591269841269842,non-overlapping daily forecast anchors and disjoint run extraction
validation_daily,Transformer,threshold_sweep,empty,0.15,1.0,53,44,2,51,0.03773584905660377,0.9545454545454546,0.9622641509433962,9.584905660377359,non-overlapping daily forecast anchors and disjoint run extraction
validation_daily,Transformer,threshold_sweep,empty,0.175,1.0,46,44,0,46,0.0,0.9318181818181818,1.0,10.679347826086957,non-overlapping daily forecast anchors and disjoint run extraction
validation_daily,Transformer,threshold_sweep,empty,0.2,1.0,42,44,0,42,0.0,0.9318181818181818,1.0,11.416666666666666,non-overlapping daily forecast anchors and disjoint run extraction
validation_daily,Transformer,threshold_sweep,empty,0.225,1.0,41,44,0,41,0.0,0.9318181818181818,1.0,11.457317073170731,non-overlapping daily forecast anchors and disjoint run extraction
validation_daily,Transformer,threshold_sweep,empty,0.25,1.0,45,44,0,45,0.0,0.9318181818181818,1.0,10.088888888888889,non-overlapping daily forecast anchors and disjoint run extraction
validation_daily,Transformer,threshold_sweep,empty,0.275,1.0,46,44,1,45,0.021739130434782608,0.9318181818181818,0.9782608695652174,9.429347826086957,non-overlapping daily forecast anchors and disjoint run extraction
validation_daily,Transformer,threshold_sweep,empty,0.3,1.0,44,44,1,43,0.022727272727272728,0.9318181818181818,0.9772727272727273,9.352272727272727,non-overlapping daily forecast anchors and disjoint run extraction
validation_daily,Transformer,threshold_sweep,empty,0.325,1.0,43,44,1,42,0.023255813953488372,0.9318181818181818,0.9767441860465116,9.133720930232558,non-overlapping daily forecast anchors and disjoint run extraction
validation_daily,Transformer,threshold_sweep,empty,0.35,1.0,42,44,1,41,0.023809523809523808,0.9318181818181818,0.9761904761904762,8.976190476190476,non-overlapping daily forecast anchors and disjoint run extraction
validation_daily,Transformer,threshold_sweep,empty,0.375,1.0,41,44,1,40,0.024390243902439025,0.9318181818181818,0.975609756097561,8.865853658536585,non-overlapping daily forecast anchors and disjoint run extraction
validation_daily,Transformer,threshold_sweep,empty,0.4,1.0,42,44,2,40,0.047619047619047616,0.9318181818181818,0.9523809523809523,8.333333333333334,non-overlapping daily forecast anchors and disjoint run extraction
validation_daily,Transformer,threshold_sweep,empty,0.425,1.0,42,44,3,39,0.07142857142857142,0.8863636363636364,0.9285714285714286,7.976190476190476,non-overlapping daily forecast anchors and disjoint run extraction
validation_daily,Transformer,threshold_sweep,empty,0.45,1.0,42,44,5,37,0.11904761904761904,0.8863636363636364,0.8809523809523809,7.636904761904762,non-overlapping daily forecast anchors and disjoint run extraction
validation_daily,Transformer,threshold_sweep,empty,0.475,1.0,41,44,5,36,0.12195121951219512,0.8636363636363636,0.8780487804878049,7.390243902439025,non-overlapping daily forecast anchors and disjoint run extraction
validation_daily,Transformer,threshold_sweep,empty,0.5,1.0,41,44,7,34,0.17073170731707318,0.8409090909090909,0.8292682926829268,7.0,non-overlapping daily forecast anchors and disjoint run extraction
validation_daily,Transformer,threshold_sweep,empty,0.525,1.0,36,44,8,28,0.2222222222222222,0.8181818181818182,0.7777777777777778,7.395833333333333,non-overlapping daily forecast anchors and disjoint run extraction
validation_daily,Transformer,threshold_sweep,empty,0.55,1.0,33,44,10,23,0.30303030303030304,0.75,0.696969696969697,7.53030303030303,non-overlapping daily forecast anchors and disjoint run extraction
validation_daily,Transformer,threshold_sweep,empty,0.575,1.0,31,44,9,22,0.2903225806451613,0.6818181818181818,0.7096774193548387,7.435483870967742,non-overlapping daily forecast anchors and disjoint run extraction
validation_daily,Transformer,threshold_sweep,empty,0.6,1.0,27,44,8,19,0.2962962962962963,0.5909090909090909,0.7037037037037037,7.851851851851852,non-overlapping daily forecast anchors and disjoint run extraction
validation_daily,Transformer,threshold_sweep,empty,0.625,1.0,22,44,8,14,0.36363636363636365,0.5,0.6363636363636364,8.806818181818182,non-overlapping daily forecast anchors and disjoint run extraction
validation_daily,Transformer,threshold_sweep,empty,0.65,1.0,20,44,6,14,0.3,0.45454545454545453,0.7,8.9125,non-overlapping daily forecast anchors and disjoint run extraction
validation_daily,Transformer,threshold_sweep,empty,0.675,1.0,17,44,6,11,0.35294117647058826,0.38636363636363635,0.6470588235294118,9.705882352941176,non-overlapping daily forecast anchors and disjoint run extraction
validation_daily,Transformer,threshold_sweep,empty,0.7,1.0,15,44,4,11,0.26666666666666666,0.3409090909090909,0.7333333333333333,10.333333333333334,non-overlapping daily forecast anchors and disjoint run extraction
validation_daily,Transformer,threshold_sweep,empty,0.725,1.0,14,44,4,10,0.2857142857142857,0.3409090909090909,0.7142857142857143,10.321428571428571,non-overlapping daily forecast anchors and disjoint run extraction
validation_daily,Transformer,threshold_sweep,empty,0.75,1.0,14,44,6,8,0.42857142857142855,0.3181818181818182,0.5714285714285714,9.482142857142858,non-overlapping daily forecast anchors and disjoint run extraction
validation_daily,Transformer,threshold_sweep,empty,0.775,1.0,14,44,6,8,0.42857142857142855,0.3181818181818182,0.5714285714285714,8.553571428571429,non-overlapping daily forecast anchors and disjoint run extraction
validation_daily,Transformer,threshold_sweep,empty,0.8,1.0,14,44,6,8,0.42857142857142855,0.29545454545454547,0.5714285714285714,7.589285714285714,non-overlapping daily forecast anchors and disjoint run extraction
validation_daily,Transformer,threshold_sweep,empty,0.825,1.0,14,44,6,8,0.42857142857142855,0.29545454545454547,0.5714285714285714,6.446428571428571,non-overlapping daily forecast anchors and disjoint run extraction
validation_daily,Transformer,threshold_sweep,empty,0.85,1.0,13,44,8,5,0.6153846153846154,0.2727272727272727,0.38461538461538464,5.211538461538462,non-overlapping daily forecast anchors and disjoint run extraction
validation_daily,Transformer,threshold_sweep,empty,0.875,1.0,8,44,6,2,0.75,0.1590909090909091,0.25,5.3125,non-overlapping daily forecast anchors and disjoint run extraction
validation_daily,Transformer,threshold_sweep,empty,0.9,1.0,4,44,3,1,0.75,0.09090909090909091,0.25,5.6875,non-overlapping daily forecast anchors and disjoint run extraction
validation_daily,Transformer,threshold_sweep,empty,0.925,1.0,3,44,3,0,1.0,0.06818181818181818,0.0,4.75,non-overlapping daily forecast anchors and disjoint run extraction
validation_daily,Transformer,threshold_sweep,empty,0.95,1.0,2,44,2,0,1.0,0.045454545454545456,0.0,3.25,non-overlapping daily forecast anchors and disjoint run extraction
validation_daily,Transformer,threshold_sweep,empty,0.05,2.0,62,38,2,60,0.03225806451612903,1.0,0.967741935483871,11.419354838709678,non-overlapping daily forecast anchors and disjoint run extraction
validation_daily,Transformer,threshold_sweep,empty,0.075,2.0,65,38,2,63,0.03076923076923077,1.0,0.9692307692307692,9.803846153846154,non-overlapping daily forecast anchors and disjoint run extraction
validation_daily,Transformer,threshold_sweep,empty,0.1,2.0,60,38,2,58,0.03333333333333333,0.9736842105263158,0.9666666666666667,9.604166666666666,non-overlapping daily forecast anchors and disjoint run extraction
validation_daily,Transformer,threshold_sweep,empty,0.125,2.0,49,38,0,49,0.0,0.9473684210526315,1.0,10.637755102040817,non-overlapping daily forecast anchors and disjoint run extraction
validation_daily,Transformer,threshold_sweep,empty,0.15,2.0,42,38,0,42,0.0,0.9473684210526315,1.0,11.732142857142858,non-overlapping daily forecast anchors and disjoint run extraction
validation_daily,Transformer,threshold_sweep,empty,0.175,2.0,41,38,0,41,0.0,0.9473684210526315,1.0,11.847560975609756,non-overlapping daily forecast anchors and disjoint run extraction
validation_daily,Transformer,threshold_sweep,empty,0.2,2.0,41,38,0,41,0.0,0.9473684210526315,1.0,11.670731707317072,non-overlapping daily forecast anchors and disjoint run extraction
validation_daily,Transformer,threshold_sweep,empty,0.225,2.0,40,38,0,40,0.0,0.9473684210526315,1.0,11.70625,non-overlapping daily forecast anchors and disjoint run extraction
validation_daily,Transformer,threshold_sweep,empty,0.25,2.0,42,38,0,42,0.0,0.9473684210526315,1.0,10.702380952380953,non-overlapping daily forecast anchors and disjoint run extraction
validation_daily,Transformer,threshold_sweep,empty,0.275,2.0,41,38,1,40,0.024390243902439025,0.9473684210526315,0.975609756097561,10.439024390243903,non-overlapping daily forecast anchors and disjoint run extraction
validation_daily,Transformer,threshold_sweep,empty,0.3,2.0,41,38,1,40,0.024390243902439025,0.9473684210526315,0.975609756097561,9.939024390243903,non-overlapping daily forecast anchors and disjoint run extraction
validation_daily,Transformer,threshold_sweep,empty,0.325,2.0,41,38,1,40,0.024390243902439025,0.9473684210526315,0.975609756097561,9.512195121951219,non-overlapping daily forecast anchors and disjoint run extraction
validation_daily,Transformer,threshold_sweep,empty,0.35,2.0,41,38,1,40,0.024390243902439025,0.9473684210526315,0.975609756097561,9.170731707317072,non-overlapping daily forecast anchors and disjoint run extraction
validation_daily,Transformer,threshold_sweep,empty,0.375,2.0,41,38,1,40,0.024390243902439025,0.9473684210526315,0.975609756097561,8.865853658536585,non-overlapping daily forecast anchors and disjoint run extraction
validation_daily,Transformer,threshold_sweep,empty,0.4,2.0,42,38,2,40,0.047619047619047616,0.9473684210526315,0.9523809523809523,8.333333333333334,non-overlapping daily forecast anchors and disjoint run extraction
validation_daily,Transformer,threshold_sweep,empty,0.425,2.0,41,38,2,39,0.04878048780487805,0.8947368421052632,0.9512195121951219,8.134146341463415,non-overlapping daily forecast anchors and disjoint run extraction
validation_daily,Transformer,threshold_sweep,empty,0.45,2.0,41,38,4,37,0.0975609756097561,0.8947368421052632,0.9024390243902439,7.798780487804878,non-overlapping daily forecast anchors and disjoint run extraction
validation_daily,Transformer,threshold_sweep,empty,0.475,2.0,38,38,5,33,0.13157894736842105,0.8947368421052632,0.868421052631579,7.842105263157895,non-overlapping daily forecast anchors and disjoint run extraction
validation_daily,Transformer,threshold_sweep,empty,0.5,2.0,36,38,6,30,0.16666666666666666,0.868421052631579,0.8333333333333334,7.805555555555555,non-overlapping daily forecast anchors and disjoint run extraction
validation_daily,Transformer,threshold_sweep,empty,0.525,2.0,32,38,5,27,0.15625,0.7631578947368421,0.84375,8.140625,non-overlapping daily forecast anchors and disjoint run extraction
validation_daily,Transformer,threshold_sweep,empty,0.55,2.0,29,38,7,22,0.2413793103448276,0.7105263157894737,0.7586206896551724,8.387931034482758,non-overlapping daily forecast anchors and disjoint run extraction
validation_daily,Transformer,threshold_sweep,empty,0.575,2.0,24,38,4,20,0.16666666666666666,0.5789473684210527,0.8333333333333334,9.166666666666666,non-overlapping daily forecast anchors and disjoint run extraction
validation_daily,Transformer,threshold_sweep,empty,0.6,2.0,22,38,6,16,0.2727272727272727,0.5526315789473685,0.7272727272727273,9.375,non-overlapping daily forecast anchors and disjoint run extraction
validation_daily,Transformer,threshold_sweep,empty,0.625,2.0,20,38,6,14,0.3,0.5,0.7,9.5625,non-overlapping daily forecast anchors and disjoint run extraction
validation_daily,Transformer,threshold_sweep,empty,0.65,2.0,16,38,6,10,0.375,0.42105263157894735,0.625,10.78125,non-overlapping daily forecast anchors and disjoint run extraction
validation_daily,Transformer,threshold_sweep,empty,0.675,2.0,14,38,4,10,0.2857142857142857,0.3684210526315789,0.7142857142857143,11.517857142857142,non-overlapping daily forecast anchors and disjoint run extraction
validation_daily,Transformer,threshold_sweep,empty,0.7,2.0,14,38,4,10,0.2857142857142857,0.3684210526315789,0.7142857142857143,10.982142857142858,non-overlapping daily forecast anchors and disjoint run extraction
validation_daily,Transformer,threshold_sweep,empty,0.725,2.0,14,38,4,10,0.2857142857142857,0.3684210526315789,0.7142857142857143,10.321428571428571,non-overlapping daily forecast anchors and disjoint run extraction
validation_daily,Transformer,threshold_sweep,empty,0.75,2.0,14,38,6,8,0.42857142857142855,0.34210526315789475,0.5714285714285714,9.482142857142858,non-overlapping daily forecast anchors and disjoint run extraction
validation_daily,Transformer,threshold_sweep,empty,0.775,2.0,14,38,6,8,0.42857142857142855,0.34210526315789475,0.5714285714285714,8.553571428571429,non-overlapping daily forecast anchors and disjoint run extraction
validation_daily,Transformer,threshold_sweep,empty,0.8,2.0,13,38,6,7,0.46153846153846156,0.34210526315789475,0.5384615384615384,8.057692307692308,non-overlapping daily forecast anchors and disjoint run extraction
validation_daily,Transformer,threshold_sweep,empty,0.825,2.0,13,38,6,7,0.46153846153846156,0.34210526315789475,0.5384615384615384,6.846153846153846,non-overlapping daily forecast anchors and disjoint run extraction
validation_daily,Transformer,threshold_sweep,empty,0.85,2.0,10,38,6,4,0.6,0.23684210526315788,0.4,6.35,non-overlapping daily forecast anchors and disjoint run extraction
validation_daily,Transformer,threshold_sweep,empty,0.875,2.0,7,38,5,2,0.7142857142857143,0.15789473684210525,0.2857142857142857,5.821428571428571,non-overlapping daily forecast anchors and disjoint run extraction
validation_daily,Transformer,threshold_sweep,empty,0.9,2.0,4,38,3,1,0.75,0.10526315789473684,0.25,5.6875,non-overlapping daily forecast anchors and disjoint run extraction
validation_daily,Transformer,threshold_sweep,empty,0.925,2.0,3,38,3,0,1.0,0.07894736842105263,0.0,4.75,non-overlapping daily forecast anchors and disjoint run extraction
validation_daily,Transformer,threshold_sweep,empty,0.95,2.0,1,38,1,0,1.0,0.02631578947368421,0.0,5.25,non-overlapping daily forecast anchors and disjoint run extraction
validation_daily,Transformer,threshold_sweep,empty,0.05,4.0,62,19,2,60,0.03225806451612903,1.0,0.967741935483871,11.419354838709678,non-overlapping daily forecast anchors and disjoint run extraction
validation_daily,Transformer,threshold_sweep,empty,0.075,4.0,55,19,1,54,0.01818181818181818,0.9473684210526315,0.9818181818181818,11.00909090909091,non-overlapping daily forecast anchors and disjoint run extraction
validation_daily,Transformer,threshold_sweep,empty,0.1,4.0,46,19,0,46,0.0,0.9473684210526315,1.0,11.71195652173913,non-overlapping daily forecast anchors and disjoint run extraction
validation_daily,Transformer,threshold_sweep,empty,0.125,4.0,42,19,0,42,0.0,0.9473684210526315,1.0,11.994047619047619,non-overlapping daily forecast anchors and disjoint run extraction
validation_daily,Transformer,threshold_sweep,empty,0.15,4.0,40,19,0,40,0.0,0.9473684210526315,1.0,12.19375,non-overlapping daily forecast anchors and disjoint run extraction
validation_daily,Transformer,threshold_sweep,empty,0.175,4.0,40,19,0,40,0.0,0.9473684210526315,1.0,12.0875,non-overlapping daily forecast anchors and disjoint run extraction
validation_daily,Transformer,threshold_sweep,empty,0.2,4.0,40,19,0,40,0.0,0.9473684210526315,1.0,11.9125,non-overlapping daily forecast anchors and disjoint run extraction
validation_daily,Transformer,threshold_sweep,empty,0.225,4.0,40,19,0,40,0.0,0.9473684210526315,1.0,11.70625,non-overlapping daily forecast anchors and disjoint run extraction
validation_daily,Transformer,threshold_sweep,empty,0.25,4.0,40,19,0,40,0.0,0.9473684210526315,1.0,11.13125,non-overlapping daily forecast anchors and disjoint run extraction
validation_daily,Transformer,threshold_sweep,empty,0.275,4.0,41,19,1,40,0.024390243902439025,0.9473684210526315,0.975609756097561,10.439024390243903,non-overlapping daily forecast anchors and disjoint run extraction
validation_daily,Transformer,threshold_sweep,empty,0.3,4.0,41,19,1,40,0.024390243902439025,0.9473684210526315,0.975609756097561,9.939024390243903,non-overlapping daily forecast anchors and disjoint run extraction
validation_daily,Transformer,threshold_sweep,empty,0.325,4.0,41,19,1,40,0.024390243902439025,0.9473684210526315,0.975609756097561,9.512195121951219,non-overlapping daily forecast anchors and disjoint run extraction
validation_daily,Transformer,threshold_sweep,empty,0.35,4.0,39,19,1,38,0.02564102564102564,0.9473684210526315,0.9743589743589743,9.448717948717949,non-overlapping daily forecast anchors and disjoint run extraction
validation_daily,Transformer,threshold_sweep,empty,0.375,4.0,35,19,1,34,0.02857142857142857,0.8947368421052632,0.9714285714285714,9.778571428571428,non-overlapping daily forecast anchors and disjoint run extraction
validation_daily,Transformer,threshold_sweep,empty,0.4,4.0,33,19,1,32,0.030303030303030304,0.8947368421052632,0.9696969696969697,9.734848484848484,non-overlapping daily forecast anchors and disjoint run extraction
validation_daily,Transformer,threshold_sweep,empty,0.425,4.0,29,19,1,28,0.034482758620689655,0.8421052631578947,0.9655172413793104,10.172413793103448,non-overlapping daily forecast anchors and disjoint run extraction
validation_daily,Transformer,threshold_sweep,empty,0.45,4.0,26,19,1,25,0.038461538461538464,0.8421052631578947,0.9615384615384616,10.596153846153847,non-overlapping daily forecast anchors and disjoint run extraction
validation_daily,Transformer,threshold_sweep,empty,0.475,4.0,22,19,1,21,0.045454545454545456,0.7894736842105263,0.9545454545454546,11.375,non-overlapping daily forecast anchors and disjoint run extraction
validation_daily,Transformer,threshold_sweep,empty,0.5,4.0,20,19,2,18,0.1,0.7894736842105263,0.9,11.7625,non-overlapping daily forecast anchors and disjoint run extraction
validation_daily,Transformer,threshold_sweep,empty,0.525,4.0,19,19,2,17,0.10526315789473684,0.7894736842105263,0.8947368421052632,11.868421052631579,non-overlapping daily forecast anchors and disjoint run extraction
validation_daily,Transformer,threshold_sweep,empty,0.55,4.0,16,19,1,15,0.0625,0.7368421052631579,0.9375,13.0,non-overlapping daily forecast anchors and disjoint run extraction
validation_daily,Transformer,threshold_sweep,empty,0.575,4.0,14,19,1,13,0.07142857142857142,0.6842105263157895,0.9285714285714286,13.678571428571429,non-overlapping daily forecast anchors and disjoint run extraction
validation_daily,Transformer,threshold_sweep,empty,0.6,4.0,14,19,2,12,0.14285714285714285,0.6842105263157895,0.8571428571428571,13.25,non-overlapping daily forecast anchors and disjoint run extraction
validation_daily,Transformer,threshold_sweep,empty,0.625,4.0,14,19,4,10,0.2857142857142857,0.6842105263157895,0.7142857142857143,12.660714285714286,non-overlapping daily forecast anchors and disjoint run extraction
validation_daily,Transformer,threshold_sweep,empty,0.65,4.0,14,19,4,10,0.2857142857142857,0.6842105263157895,0.7142857142857143,12.035714285714286,non-overlapping daily forecast anchors and disjoint run extraction
validation_daily,Transformer,threshold_sweep,empty,0.675,4.0,14,19,4,10,0.2857142857142857,0.6842105263157895,0.7142857142857143,11.517857142857142,non-overlapping daily forecast anchors and disjoint run extraction
validation_daily,Transformer,threshold_sweep,empty,0.7,4.0,14,19,4,10,0.2857142857142857,0.6842105263157895,0.7142857142857143,10.982142857142858,non-overlapping daily forecast anchors and disjoint run extraction
validation_daily,Transformer,threshold_sweep,empty,0.725,4.0,13,19,4,9,0.3076923076923077,0.6842105263157895,0.6923076923076923,10.884615384615385,non-overlapping daily forecast anchors and disjoint run extraction
validation_daily,Transformer,threshold_sweep,empty,0.75,4.0,13,19,6,7,0.46153846153846156,0.631578947368421,0.5384615384615384,10.01923076923077,non-overlapping daily forecast anchors and disjoint run extraction
validation_daily,Transformer,threshold_sweep,empty,0.775,4.0,13,19,6,7,0.46153846153846156,0.631578947368421,0.5384615384615384,9.057692307692308,non-overlapping daily forecast anchors and disjoint run extraction
validation_daily,Transformer,threshold_sweep,empty,0.8,4.0,13,19,6,7,0.46153846153846156,0.631578947368421,0.5384615384615384,8.057692307692308,non-overlapping daily forecast anchors and disjoint run extraction
validation_daily,Transformer,threshold_sweep,empty,0.825,4.0,10,19,5,5,0.5,0.47368421052631576,0.5,7.9,non-overlapping daily forecast anchors and disjoint run extraction
validation_daily,Transformer,threshold_sweep,empty,0.85,4.0,9,19,5,4,0.5555555555555556,0.42105263157894735,0.4444444444444444,6.75,non-overlapping daily forecast anchors and disjoint run extraction
validation_daily,Transformer,threshold_sweep,empty,0.875,4.0,6,19,4,2,0.6666666666666666,0.2631578947368421,0.3333333333333333,6.25,non-overlapping daily forecast anchors and disjoint run extraction
validation_daily,Transformer,threshold_sweep,empty,0.9,4.0,4,19,3,1,0.75,0.21052631578947367,0.25,5.6875,non-overlapping daily forecast anchors and disjoint run extraction
validation_daily,Transformer,threshold_sweep,empty,0.925,4.0,2,19,2,0,1.0,0.10526315789473684,0.0,5.375,non-overlapping daily forecast anchors and disjoint run extraction
validation_daily,Transformer,threshold_sweep,empty,0.95,4.0,1,19,1,0,1.0,0.05263157894736842,0.0,5.25,non-overlapping daily forecast anchors and disjoint run extraction
test_daily,Historical average,threshold_sweep,empty,0.05,1.0,68,70,1,67,0.014705882352941176,0.9857142857142858,0.9852941176470589,10.264705882352942,non-overlapping daily forecast anchors and disjoint run extraction
test_daily,Historical average,threshold_sweep,empty,0.075,1.0,85,70,1,84,0.011764705882352941,0.9857142857142858,0.9882352941176471,7.297058823529412,non-overlapping daily forecast anchors and disjoint run extraction
test_daily,Historical average,threshold_sweep,empty,0.1,1.0,97,70,1,96,0.010309278350515464,0.9857142857142858,0.9896907216494846,6.270618556701031,non-overlapping daily forecast anchors and disjoint run extraction
test_daily,Historical average,threshold_sweep,empty,0.125,1.0,79,70,1,78,0.012658227848101266,0.9714285714285714,0.9873417721518988,6.560126582278481,non-overlapping daily forecast anchors and disjoint run extraction
test_daily,Historical average,threshold_sweep,empty,0.15,1.0,61,70,1,60,0.01639344262295082,0.9571428571428572,0.9836065573770492,7.85655737704918,non-overlapping daily forecast anchors and disjoint run extraction
test_daily,Historical average,threshold_sweep,empty,0.175,1.0,61,70,1,60,0.01639344262295082,0.9571428571428572,0.9836065573770492,7.831967213114754,non-overlapping daily forecast anchors and disjoint run extraction
test_daily,Historical average,threshold_sweep,empty,0.2,1.0,43,70,1,42,0.023255813953488372,0.9428571428571428,0.9767441860465116,10.482558139534884,non-overlapping daily forecast anchors and disjoint run extraction
test_daily,Historical average,threshold_sweep,empty,0.225,1.0,43,70,1,42,0.023255813953488372,0.9428571428571428,0.9767441860465116,10.44186046511628,non-overlapping daily forecast anchors and disjoint run extraction
test_daily,Historical average,threshold_sweep,empty,0.25,1.0,43,70,1,42,0.023255813953488372,0.9428571428571428,0.9767441860465116,10.44186046511628,non-overlapping daily forecast anchors and disjoint run extraction
test_daily,Historical average,threshold_sweep,empty,0.275,1.0,49,70,1,48,0.02040816326530612,0.9428571428571428,0.9795918367346939,9.10204081632653,non-overlapping daily forecast anchors and disjoint run extraction
test_daily,Historical average,threshold_sweep,empty,0.3,1.0,49,70,1,48,0.02040816326530612,0.9428571428571428,0.9795918367346939,8.979591836734693,non-overlapping daily forecast anchors and disjoint run extraction
test_daily,Historical average,threshold_sweep,empty,0.325,1.0,49,70,1,48,0.02040816326530612,0.9428571428571428,0.9795918367346939,8.979591836734693,non-overlapping daily forecast anchors and disjoint run extraction
test_daily,Historical average,threshold_sweep,empty,0.35,1.0,55,70,3,52,0.05454545454545454,0.9428571428571428,0.9454545454545454,7.372727272727273,non-overlapping daily forecast anchors and disjoint run extraction
test_daily,Historical average,threshold_sweep,empty,0.375,1.0,50,70,6,44,0.12,0.9142857142857143,0.88,7.525,non-overlapping daily forecast anchors and disjoint run extraction
test_daily,Historical average,threshold_sweep,empty,0.4,1.0,50,70,6,44,0.12,0.9142857142857143,0.88,7.525,non-overlapping daily forecast anchors and disjoint run extraction
test_daily,Historical average,threshold_sweep,empty,0.425,1.0,43,70,6,37,0.13953488372093023,0.9142857142857143,0.8604651162790697,8.290697674418604,non-overlapping daily forecast anchors and disjoint run extraction
test_daily,Historical average,threshold_sweep,empty,0.45,1.0,61,70,17,44,0.2786885245901639,0.9,0.7213114754098361,5.524590163934426,non-overlapping daily forecast anchors and disjoint run extraction
test_daily,Historical average,threshold_sweep,empty,0.475,1.0,61,70,17,44,0.2786885245901639,0.9,0.7213114754098361,5.524590163934426,non-overlapping daily forecast anchors and disjoint run extraction
test_daily,Historical average,threshold_sweep,empty,0.5,1.0,43,70,14,29,0.32558139534883723,0.8714285714285714,0.6744186046511628,6.9186046511627906,non-overlapping daily forecast anchors and disjoint run extraction
test_daily,Historical average,threshold_sweep,empty,0.525,1.0,55,70,16,39,0.2909090909090909,0.8285714285714286,0.7090909090909091,5.081818181818182,non-overlapping daily forecast anchors and disjoint run extraction
test_daily,Historical average,threshold_sweep,empty,0.55,1.0,61,70,17,44,0.2786885245901639,0.8285714285714286,0.7213114754098361,4.557377049180328,non-overlapping daily forecast anchors and disjoint run extraction
test_daily,Historical average,threshold_sweep,empty,0.575,1.0,49,70,15,34,0.30612244897959184,0.8142857142857143,0.6938775510204082,5.091836734693878,non-overlapping daily forecast anchors and disjoint run extraction
test_daily,Historical average,threshold_sweep,empty,0.6,1.0,61,70,21,40,0.3442622950819672,0.8142857142857143,0.6557377049180327,3.918032786885246,non-overlapping daily forecast anchors and disjoint run extraction
test_daily,Historical average,threshold_sweep,empty,0.625,1.0,61,70,21,40,0.3442622950819672,0.8142857142857143,0.6557377049180327,3.918032786885246,non-overlapping daily forecast anchors and disjoint run extraction
test_daily,Historical average,threshold_sweep,empty,0.65,1.0,43,70,15,28,0.3488372093023256,0.7571428571428571,0.6511627906976745,5.069767441860465,non-overlapping daily forecast anchors and disjoint run extraction
test_daily,Historical average,threshold_sweep,empty,0.675,1.0,55,70,24,31,0.43636363636363634,0.7571428571428571,0.5636363636363636,3.772727272727273,non-overlapping daily forecast anchors and disjoint run extraction
test_daily,Historical average,threshold_sweep,empty,0.7,1.0,55,70,26,29,0.4727272727272727,0.7571428571428571,0.5272727272727272,3.609090909090909,non-overlapping daily forecast anchors and disjoint run extraction
test_daily,Historical average,threshold_sweep,empty,0.725,1.0,55,70,33,22,0.6,0.7285714285714285,0.4,3.090909090909091,non-overlapping daily forecast anchors and disjoint run extraction
test_daily,Historical average,threshold_sweep,empty,0.75,1.0,43,70,31,12,0.7209302325581395,0.6285714285714286,0.27906976744186046,3.4186046511627906,non-overlapping daily forecast anchors and disjoint run extraction
test_daily,Historical average,threshold_sweep,empty,0.775,1.0,43,70,31,12,0.7209302325581395,0.6285714285714286,0.27906976744186046,3.4186046511627906,non-overlapping daily forecast anchors and disjoint run extraction
test_daily,Historical average,threshold_sweep,empty,0.8,1.0,49,70,39,10,0.7959183673469388,0.6142857142857143,0.20408163265306123,2.38265306122449,non-overlapping daily forecast anchors and disjoint run extraction
test_daily,Historical average,threshold_sweep,empty,0.825,1.0,36,70,32,4,0.8888888888888888,0.5,0.1111111111111111,2.5416666666666665,non-overlapping daily forecast anchors and disjoint run extraction
test_daily,Historical average,threshold_sweep,empty,0.85,1.0,36,70,32,4,0.8888888888888888,0.5,0.1111111111111111,2.5416666666666665,non-overlapping daily forecast anchors and disjoint run extraction
test_daily,Historical average,threshold_sweep,empty,0.875,1.0,30,70,27,3,0.9,0.4142857142857143,0.1,2.65,non-overlapping daily forecast anchors and disjoint run extraction
test_daily,Historical average,threshold_sweep,empty,0.9,1.0,12,70,12,0,1.0,0.17142857142857143,0.0,3.625,non-overlapping daily forecast anchors and disjoint run extraction
test_daily,Historical average,threshold_sweep,empty,0.925,1.0,12,70,12,0,1.0,0.17142857142857143,0.0,3.625,non-overlapping daily forecast anchors and disjoint run extraction
test_daily,Historical average,threshold_sweep,empty,0.95,1.0,12,70,12,0,1.0,0.17142857142857143,0.0,1.375,non-overlapping daily forecast anchors and disjoint run extraction
test_daily,Historical average,threshold_sweep,empty,0.05,2.0,61,51,1,60,0.01639344262295082,1.0,0.9836065573770492,11.241803278688524,non-overlapping daily forecast anchors and disjoint run extraction
test_daily,Historical average,threshold_sweep,empty,0.075,2.0,73,51,1,72,0.0136986301369863,1.0,0.9863013698630136,8.229452054794521,non-overlapping daily forecast anchors and disjoint run extraction
test_daily,Historical average,threshold_sweep,empty,0.1,2.0,73,51,1,72,0.0136986301369863,1.0,0.9863013698630136,7.9006849315068495,non-overlapping daily forecast anchors and disjoint run extraction
test_daily,Historical average,threshold_sweep,empty,0.125,2.0,55,51,1,54,0.01818181818181818,1.0,0.9818181818181818,8.822727272727272,non-overlapping daily forecast anchors and disjoint run extraction
test_daily,Historical average,threshold_sweep,empty,0.15,2.0,49,51,1,48,0.02040816326530612,1.0,0.9795918367346939,9.505102040816327,non-overlapping daily forecast anchors and disjoint run extraction
test_daily,Historical average,threshold_sweep,empty,0.175,2.0,49,51,1,48,0.02040816326530612,1.0,0.9795918367346939,9.474489795918368,non-overlapping daily forecast anchors and disjoint run extraction
test_daily,Historical average,threshold_sweep,empty,0.2,2.0,43,51,1,42,0.023255813953488372,0.9803921568627451,0.9767441860465116,10.482558139534884,non-overlapping daily forecast anchors and disjoint run extraction
test_daily,Historical average,threshold_sweep,empty,0.225,2.0,43,51,1,42,0.023255813953488372,0.9803921568627451,0.9767441860465116,10.44186046511628,non-overlapping daily forecast anchors and disjoint run extraction
test_daily,Historical average,threshold_sweep,empty,0.25,2.0,43,51,1,42,0.023255813953488372,0.9803921568627451,0.9767441860465116,10.44186046511628,non-overlapping daily forecast anchors and disjoint run extraction
test_daily,Historical average,threshold_sweep,empty,0.275,2.0,43,51,1,42,0.023255813953488372,0.9803921568627451,0.9767441860465116,10.127906976744185,non-overlapping daily forecast anchors and disjoint run extraction
test_daily,Historical average,threshold_sweep,empty,0.3,2.0,43,51,1,42,0.023255813953488372,0.9803921568627451,0.9767441860465116,10.023255813953488,non-overlapping daily forecast anchors and disjoint run extraction
test_daily,Historical average,threshold_sweep,empty,0.325,2.0,43,51,1,42,0.023255813953488372,0.9803921568627451,0.9767441860465116,10.023255813953488,non-overlapping daily forecast anchors and disjoint run extraction
test_daily,Historical average,threshold_sweep,empty,0.35,2.0,49,51,2,47,0.04081632653061224,0.9803921568627451,0.9591836734693877,8.153061224489797,non-overlapping daily forecast anchors and disjoint run extraction
test_daily,Historical average,threshold_sweep,empty,0.375,2.0,43,51,6,37,0.13953488372093023,0.9803921568627451,0.8604651162790697,8.465116279069768,non-overlapping daily forecast anchors and disjoint run extraction
test_daily,Historical average,threshold_sweep,empty,0.4,2.0,43,51,6,37,0.13953488372093023,0.9803921568627451,0.8604651162790697,8.465116279069768,non-overlapping daily forecast anchors and disjoint run extraction
test_daily,Historical average,threshold_sweep,empty,0.425,2.0,43,51,6,37,0.13953488372093023,0.9803921568627451,0.8604651162790697,8.290697674418604,non-overlapping daily forecast anchors and disjoint run extraction
test_daily,Historical average,threshold_sweep,empty,0.45,2.0,43,51,11,32,0.2558139534883721,0.9411764705882353,0.7441860465116279,7.383720930232558,non-overlapping daily forecast anchors and disjoint run extraction
test_daily,Historical average,threshold_sweep,empty,0.475,2.0,43,51,11,32,0.2558139534883721,0.9411764705882353,0.7441860465116279,7.383720930232558,non-overlapping daily forecast anchors and disjoint run extraction
test_daily,Historical average,threshold_sweep,empty,0.5,2.0,43,51,14,29,0.32558139534883723,0.9411764705882353,0.6744186046511628,6.9186046511627906,non-overlapping daily forecast anchors and disjoint run extraction
test_daily,Historical average,threshold_sweep,empty,0.525,2.0,49,51,15,34,0.30612244897959184,0.9411764705882353,0.6938775510204082,5.551020408163265,non-overlapping daily forecast anchors and disjoint run extraction
test_daily,Historical average,threshold_sweep,empty,0.55,2.0,49,51,15,34,0.30612244897959184,0.9411764705882353,0.6938775510204082,5.36734693877551,non-overlapping daily forecast anchors and disjoint run extraction
test_daily,Historical average,threshold_sweep,empty,0.575,2.0,49,51,15,34,0.30612244897959184,0.9215686274509803,0.6938775510204082,5.091836734693878,non-overlapping daily forecast anchors and disjoint run extraction
test_daily,Historical average,threshold_sweep,empty,0.6,2.0,43,51,15,28,0.3488372093023256,0.8431372549019608,0.6511627906976745,5.104651162790698,non-overlapping daily forecast anchors and disjoint run extraction
test_daily,Historical average,threshold_sweep,empty,0.625,2.0,43,51,15,28,0.3488372093023256,0.8431372549019608,0.6511627906976745,5.104651162790698,non-overlapping daily forecast anchors and disjoint run extraction
test_daily,Historical average,threshold_sweep,empty,0.65,2.0,43,51,15,28,0.3488372093023256,0.8431372549019608,0.6511627906976745,5.069767441860465,non-overlapping daily forecast anchors and disjoint run extraction
test_daily,Historical average,threshold_sweep,empty,0.675,2.0,55,51,24,31,0.43636363636363634,0.8431372549019608,0.5636363636363636,3.772727272727273,non-overlapping daily forecast anchors and disjoint run extraction
test_daily,Historical average,threshold_sweep,empty,0.7,2.0,49,51,22,27,0.4489795918367347,0.8431372549019608,0.5510204081632653,3.9285714285714284,non-overlapping daily forecast anchors and disjoint run extraction
test_daily,Historical average,threshold_sweep,empty,0.725,2.0,43,51,28,15,0.6511627906976745,0.7254901960784313,0.3488372093023256,3.6744186046511627,non-overlapping daily forecast anchors and disjoint run extraction
test_daily,Historical average,threshold_sweep,empty,0.75,2.0,30,51,22,8,0.7333333333333333,0.5686274509803921,0.26666666666666666,4.3,non-overlapping daily forecast anchors and disjoint run extraction
test_daily,Historical average,threshold_sweep,empty,0.775,2.0,30,51,22,8,0.7333333333333333,0.5686274509803921,0.26666666666666666,4.3,non-overlapping daily forecast anchors and disjoint run extraction
test_daily,Historical average,threshold_sweep,empty,0.8,2.0,30,51,24,6,0.8,0.5490196078431373,0.2,3.15,non-overlapping daily forecast anchors and disjoint run extraction
test_daily,Historical average,threshold_sweep,empty,0.825,2.0,18,51,16,2,0.8888888888888888,0.3333333333333333,0.1111111111111111,3.8333333333333335,non-overlapping daily forecast anchors and disjoint run extraction
test_daily,Historical average,threshold_sweep,empty,0.85,2.0,18,51,16,2,0.8888888888888888,0.3333333333333333,0.1111111111111111,3.8333333333333335,non-overlapping daily forecast anchors and disjoint run extraction
test_daily,Historical average,threshold_sweep,empty,0.875,2.0,18,51,16,2,0.8888888888888888,0.3333333333333333,0.1111111111111111,3.6666666666666665,non-overlapping daily forecast anchors and disjoint run extraction
test_daily,Historical average,threshold_sweep,empty,0.9,2.0,12,51,12,0,1.0,0.23529411764705882,0.0,3.625,non-overlapping daily forecast anchors and disjoint run extraction
test_daily,Historical average,threshold_sweep,empty,0.925,2.0,12,51,12,0,1.0,0.23529411764705882,0.0,3.625,non-overlapping daily forecast anchors and disjoint run extraction
test_daily,Historical average,threshold_sweep,empty,0.95,2.0,0,51,0,0,0.0,0.0,0.0,0.0,non-overlapping daily forecast anchors and disjoint run extraction
test_daily,Historical average,threshold_sweep,empty,0.05,4.0,61,22,1,60,0.01639344262295082,1.0,0.9836065573770492,11.241803278688524,non-overlapping daily forecast anchors and disjoint run extraction
test_daily,Historical average,threshold_sweep,empty,0.075,4.0,49,22,1,48,0.02040816326530612,1.0,0.9795918367346939,11.096938775510203,non-overlapping daily forecast anchors and disjoint run extraction
test_daily,Historical average,threshold_sweep,empty,0.1,4.0,43,22,1,42,0.023255813953488372,1.0,0.9767441860465116,11.773255813953488,non-overlapping daily forecast anchors and disjoint run extraction
test_daily,Historical average,threshold_sweep,empty,0.125,4.0,43,22,1,42,0.023255813953488372,1.0,0.9767441860465116,10.656976744186046,non-overlapping daily forecast anchors and disjoint run extraction
test_daily,Historical average,threshold_sweep,empty,0.15,4.0,43,22,1,42,0.023255813953488372,1.0,0.9767441860465116,10.517441860465116,non-overlapping daily forecast anchors and disjoint run extraction
test_daily,Historical average,threshold_sweep,empty,0.175,4.0,43,22,1,42,0.023255813953488372,1.0,0.9767441860465116,10.482558139534884,non-overlapping daily forecast anchors and disjoint run extraction
test_daily,Historical average,threshold_sweep,empty,0.2,4.0,43,22,1,42,0.023255813953488372,1.0,0.9767441860465116,10.482558139534884,non-overlapping daily forecast anchors and disjoint run extraction
test_daily,Historical average,threshold_sweep,empty,0.225,4.0,43,22,1,42,0.023255813953488372,1.0,0.9767441860465116,10.44186046511628,non-overlapping daily forecast anchors and disjoint run extraction
test_daily,Historical average,threshold_sweep,empty,0.25,4.0,43,22,1,42,0.023255813953488372,1.0,0.9767441860465116,10.44186046511628,non-overlapping daily forecast anchors and disjoint run extraction
test_daily,Historical average,threshold_sweep,empty,0.275,4.0,43,22,1,42,0.023255813953488372,1.0,0.9767441860465116,10.127906976744185,non-overlapping daily forecast anchors and disjoint run extraction
test_daily,Historical average,threshold_sweep,empty,0.3,4.0,43,22,1,42,0.023255813953488372,1.0,0.9767441860465116,10.023255813953488,non-overlapping daily forecast anchors and disjoint run extraction
test_daily,Historical average,threshold_sweep,empty,0.325,4.0,43,22,1,42,0.023255813953488372,1.0,0.9767441860465116,10.023255813953488,non-overlapping daily forecast anchors and disjoint run extraction
test_daily,Historical average,threshold_sweep,empty,0.35,4.0,31,22,1,30,0.03225806451612903,1.0,0.967741935483871,11.338709677419354,non-overlapping daily forecast anchors and disjoint run extraction
test_daily,Historical average,threshold_sweep,empty,0.375,4.0,24,22,1,23,0.041666666666666664,1.0,0.9583333333333334,13.125,non-overlapping daily forecast anchors and disjoint run extraction
test_daily,Historical average,threshold_sweep,empty,0.4,4.0,24,22,1,23,0.041666666666666664,1.0,0.9583333333333334,13.125,non-overlapping daily forecast anchors and disjoint run extraction
test_daily,Historical average,threshold_sweep,empty,0.425,4.0,24,22,1,23,0.041666666666666664,1.0,0.9583333333333334,12.8125,non-overlapping daily forecast anchors and disjoint run extraction
test_daily,Historical average,threshold_sweep,empty,0.45,4.0,18,22,1,17,0.05555555555555555,0.9545454545454546,0.9444444444444444,14.333333333333334,non-overlapping daily forecast anchors and disjoint run extraction
test_daily,Historical average,threshold_sweep,empty,0.475,4.0,18,22,1,17,0.05555555555555555,0.9545454545454546,0.9444444444444444,14.333333333333334,non-overlapping daily forecast anchors and disjoint run extraction
test_daily,Historical average,threshold_sweep,empty,0.5,4.0,18,22,1,17,0.05555555555555555,0.9545454545454546,0.9444444444444444,13.5,non-overlapping daily forecast anchors and disjoint run extraction
test_daily,Historical average,threshold_sweep,empty,0.525,4.0,24,22,2,22,0.08333333333333333,0.9545454545454546,0.9166666666666666,9.0625,non-overlapping daily forecast anchors and disjoint run extraction
test_daily,Historical average,threshold_sweep,empty,0.55,4.0,24,22,2,22,0.08333333333333333,0.9545454545454546,0.9166666666666666,8.6875,non-overlapping daily forecast anchors and disjoint run extraction
test_daily,Historical average,threshold_sweep,empty,0.575,4.0,18,22,2,16,0.1111111111111111,0.8636363636363636,0.8888888888888888,9.833333333333334,non-overlapping daily forecast anchors and disjoint run extraction
test_daily,Historical average,threshold_sweep,empty,0.6,4.0,18,22,2,16,0.1111111111111111,0.8181818181818182,0.8888888888888888,9.25,non-overlapping daily forecast anchors and disjoint run extraction
test_daily,Historical average,threshold_sweep,empty,0.625,4.0,18,22,2,16,0.1111111111111111,0.8181818181818182,0.8888888888888888,9.25,non-overlapping daily forecast anchors and disjoint run extraction
test_daily,Historical average,threshold_sweep,empty,0.65,4.0,18,22,2,16,0.1111111111111111,0.8181818181818182,0.8888888888888888,9.166666666666666,non-overlapping daily forecast anchors and disjoint run extraction
test_daily,Historical average,threshold_sweep,empty,0.675,4.0,12,22,5,7,0.4166666666666667,0.5454545454545454,0.5833333333333334,8.75,non-overlapping daily forecast anchors and disjoint run extraction
test_daily,Historical average,threshold_sweep,empty,0.7,4.0,12,22,5,7,0.4166666666666667,0.5454545454545454,0.5833333333333334,8.75,non-overlapping daily forecast anchors and disjoint run extraction
test_daily,Historical average,threshold_sweep,empty,0.725,4.0,12,22,8,4,0.6666666666666666,0.5454545454545454,0.3333333333333333,7.875,non-overlapping daily forecast anchors and disjoint run extraction
test_daily,Historical average,threshold_sweep,empty,0.75,4.0,12,22,10,2,0.8333333333333334,0.5454545454545454,0.16666666666666666,7.625,non-overlapping daily forecast anchors and disjoint run extraction
test_daily,Historical average,threshold_sweep,empty,0.775,4.0,12,22,10,2,0.8333333333333334,0.5454545454545454,0.16666666666666666,7.625,non-overlapping daily forecast anchors and disjoint run extraction
test_daily,Historical average,threshold_sweep,empty,0.8,4.0,12,22,12,0,1.0,0.5454545454545454,0.0,4.75,non-overlapping daily forecast anchors and disjoint run extraction
test_daily,Historical average,threshold_sweep,empty,0.825,4.0,12,22,12,0,1.0,0.5454545454545454,0.0,4.75,non-overlapping daily forecast anchors and disjoint run extraction
test_daily,Historical average,threshold_sweep,empty,0.85,4.0,12,22,12,0,1.0,0.5454545454545454,0.0,4.75,non-overlapping daily forecast anchors and disjoint run extraction
test_daily,Historical average,threshold_sweep,empty,0.875,4.0,12,22,12,0,1.0,0.5454545454545454,0.0,4.5,non-overlapping daily forecast anchors and disjoint run extraction
test_daily,Historical average,threshold_sweep,empty,0.9,4.0,6,22,6,0,1.0,0.2727272727272727,0.0,4.0,non-overlapping daily forecast anchors and disjoint run extraction
test_daily,Historical average,threshold_sweep,empty,0.925,4.0,6,22,6,0,1.0,0.2727272727272727,0.0,4.0,non-overlapping daily forecast anchors and disjoint run extraction
test_daily,Historical average,threshold_sweep,empty,0.95,4.0,0,22,0,0,0.0,0.0,0.0,0.0,non-overlapping daily forecast anchors and disjoint run extraction
test_daily,LightGBM,threshold_sweep,empty,0.05,1.0,62,70,0,62,0.0,0.9714285714285714,1.0,9.830645161290322,non-overlapping daily forecast anchors and disjoint run extraction
test_daily,LightGBM,threshold_sweep,empty,0.075,1.0,65,70,0,65,0.0,0.9714285714285714,1.0,8.757692307692308,non-overlapping daily forecast anchors and disjoint run extraction
test_daily,LightGBM,threshold_sweep,empty,0.1,1.0,64,70,1,63,0.015625,0.9571428571428572,0.984375,8.140625,non-overlapping daily forecast anchors and disjoint run extraction
test_daily,LightGBM,threshold_sweep,empty,0.125,1.0,57,70,1,56,0.017543859649122806,0.9428571428571428,0.9824561403508771,8.460526315789474,non-overlapping daily forecast anchors and disjoint run extraction
test_daily,LightGBM,threshold_sweep,empty,0.15,1.0,56,70,1,55,0.017857142857142856,0.9428571428571428,0.9821428571428571,7.950892857142857,non-overlapping daily forecast anchors and disjoint run extraction
test_daily,LightGBM,threshold_sweep,empty,0.175,1.0,54,70,1,53,0.018518518518518517,0.9428571428571428,0.9814814814814815,7.898148148148148,non-overlapping daily forecast anchors and disjoint run extraction
test_daily,LightGBM,threshold_sweep,empty,0.2,1.0,53,70,1,52,0.018867924528301886,0.9285714285714286,0.9811320754716981,7.665094339622642,non-overlapping daily forecast anchors and disjoint run extraction
test_daily,LightGBM,threshold_sweep,empty,0.225,1.0,56,70,1,55,0.017857142857142856,0.9285714285714286,0.9821428571428571,7.049107142857143,non-overlapping daily forecast anchors and disjoint run extraction
test_daily,LightGBM,threshold_sweep,empty,0.25,1.0,56,70,4,52,0.07142857142857142,0.9142857142857143,0.9285714285714286,6.732142857142857,non-overlapping daily forecast anchors and disjoint run extraction
test_daily,LightGBM,threshold_sweep,empty,0.275,1.0,55,70,5,50,0.09090909090909091,0.9,0.9090909090909091,6.545454545454546,non-overlapping daily forecast anchors and disjoint run extraction
test_daily,LightGBM,threshold_sweep,empty,0.3,1.0,48,70,6,42,0.125,0.8571428571428571,0.875,7.114583333333333,non-overlapping daily forecast anchors and disjoint run extraction
test_daily,LightGBM,threshold_sweep,empty,0.325,1.0,49,70,6,43,0.12244897959183673,0.8571428571428571,0.8775510204081632,6.816326530612245,non-overlapping daily forecast anchors and disjoint run extraction
test_daily,LightGBM,threshold_sweep,empty,0.35,1.0,47,70,6,41,0.1276595744680851,0.8428571428571429,0.8723404255319149,6.8936170212765955,non-overlapping daily forecast anchors and disjoint run extraction
test_daily,LightGBM,threshold_sweep,empty,0.375,1.0,48,70,7,41,0.14583333333333334,0.8285714285714286,0.8541666666666666,6.640625,non-overlapping daily forecast anchors and disjoint run extraction
test_daily,LightGBM,threshold_sweep,empty,0.4,1.0,48,70,8,40,0.16666666666666666,0.8285714285714286,0.8333333333333334,6.489583333333333,non-overlapping daily forecast anchors and disjoint run extraction
test_daily,LightGBM,threshold_sweep,empty,0.425,1.0,49,70,10,39,0.20408163265306123,0.8142857142857143,0.7959183673469388,6.142857142857143,non-overlapping daily forecast anchors and disjoint run extraction
test_daily,LightGBM,threshold_sweep,empty,0.45,1.0,47,70,13,34,0.2765957446808511,0.8,0.723404255319149,6.159574468085107,non-overlapping daily forecast anchors and disjoint run extraction
test_daily,LightGBM,threshold_sweep,empty,0.475,1.0,47,70,13,34,0.2765957446808511,0.8,0.723404255319149,5.99468085106383,non-overlapping daily forecast anchors and disjoint run extraction
test_daily,LightGBM,threshold_sweep,empty,0.5,1.0,46,70,14,32,0.30434782608695654,0.8,0.6956521739130435,6.005434782608695,non-overlapping daily forecast anchors and disjoint run extraction
test_daily,LightGBM,threshold_sweep,empty,0.525,1.0,46,70,14,32,0.30434782608695654,0.8,0.6956521739130435,5.831521739130435,non-overlapping daily forecast anchors and disjoint run extraction
test_daily,LightGBM,threshold_sweep,empty,0.55,1.0,43,70,14,29,0.32558139534883723,0.7857142857142857,0.6744186046511628,6.017441860465116,non-overlapping daily forecast anchors and disjoint run extraction
test_daily,LightGBM,threshold_sweep,empty,0.575,1.0,42,70,14,28,0.3333333333333333,0.7571428571428571,0.6666666666666666,5.9523809523809526,non-overlapping daily forecast anchors and disjoint run extraction
test_daily,LightGBM,threshold_sweep,empty,0.6,1.0,44,70,14,30,0.3181818181818182,0.7571428571428571,0.6818181818181818,5.551136363636363,non-overlapping daily forecast anchors and disjoint run extraction
test_daily,LightGBM,threshold_sweep,empty,0.625,1.0,43,70,15,28,0.3488372093023256,0.7571428571428571,0.6511627906976745,5.430232558139535,non-overlapping daily forecast anchors and disjoint run extraction
test_daily,LightGBM,threshold_sweep,empty,0.65,1.0,41,70,14,27,0.34146341463414637,0.7428571428571429,0.6585365853658537,5.573170731707317,non-overlapping daily forecast anchors and disjoint run extraction
test_daily,LightGBM,threshold_sweep,empty,0.675,1.0,43,70,16,27,0.37209302325581395,0.7428571428571429,0.627906976744186,5.255813953488372,non-overlapping daily forecast anchors and disjoint run extraction
test_daily,LightGBM,threshold_sweep,empty,0.7,1.0,41,70,17,24,0.4146341463414634,0.7285714285714285,0.5853658536585366,5.323170731707317,non-overlapping daily forecast anchors and disjoint run extraction
test_daily,LightGBM,threshold_sweep,empty,0.725,1.0,41,70,19,22,0.4634146341463415,0.7142857142857143,0.5365853658536586,5.024390243902439,non-overlapping daily forecast anchors and disjoint run extraction
test_daily,LightGBM,threshold_sweep,empty,0.75,1.0,41,70,19,22,0.4634146341463415,0.7142857142857143,0.5365853658536586,4.871951219512195,non-overlapping daily forecast anchors and disjoint run extraction
test_daily,LightGBM,threshold_sweep,empty,0.775,1.0,40,70,18,22,0.45,0.6857142857142857,0.55,4.78125,non-overlapping daily forecast anchors and disjoint run extraction
test_daily,LightGBM,threshold_sweep,empty,0.8,1.0,43,70,21,22,0.4883720930232558,0.6857142857142857,0.5116279069767442,4.180232558139535,non-overlapping daily forecast anchors and disjoint run extraction
test_daily,LightGBM,threshold_sweep,empty,0.825,1.0,43,70,22,21,0.5116279069767442,0.6285714285714286,0.4883720930232558,3.854651162790698,non-overlapping daily forecast anchors and disjoint run extraction
test_daily,LightGBM,threshold_sweep,empty,0.85,1.0,37,70,19,18,0.5135135135135135,0.5571428571428572,0.4864864864864865,3.9527027027027026,non-overlapping daily forecast anchors and disjoint run extraction
test_daily,LightGBM,threshold_sweep,empty,0.875,1.0,33,70,18,15,0.5454545454545454,0.5142857142857142,0.45454545454545453,3.9015151515151514,non-overlapping daily forecast anchors and disjoint run extraction
test_daily,LightGBM,threshold_sweep,empty,0.9,1.0,29,70,17,12,0.5862068965517241,0.44285714285714284,0.41379310344827586,3.9655172413793105,non-overlapping daily forecast anchors and disjoint run extraction
test_daily,LightGBM,threshold_sweep,empty,0.925,1.0,23,70,18,5,0.782608695652174,0.35714285714285715,0.21739130434782608,4.0978260869565215,non-overlapping daily forecast anchors and disjoint run extraction
test_daily,LightGBM,threshold_sweep,empty,0.95,1.0,19,70,16,3,0.8421052631578947,0.2714285714285714,0.15789473684210525,3.486842105263158,non-overlapping daily forecast anchors and disjoint run extraction
test_daily,LightGBM,threshold_sweep,empty,0.05,2.0,57,51,0,57,0.0,1.0,1.0,10.578947368421053,non-overlapping daily forecast anchors and disjoint run extraction
test_daily,LightGBM,threshold_sweep,empty,0.075,2.0,59,51,0,59,0.0,1.0,1.0,9.525423728813559,non-overlapping daily forecast anchors and disjoint run extraction
test_daily,LightGBM,threshold_sweep,empty,0.1,2.0,56,51,1,55,0.017857142857142856,0.9607843137254902,0.9821428571428571,9.102678571428571,non-overlapping daily forecast anchors and disjoint run extraction
test_daily,LightGBM,threshold_sweep,empty,0.125,2.0,53,51,1,52,0.018867924528301886,0.9607843137254902,0.9811320754716981,9.0,non-overlapping daily forecast anchors and disjoint run extraction
test_daily,LightGBM,threshold_sweep,empty,0.15,2.0,49,51,1,48,0.02040816326530612,0.9607843137254902,0.9795918367346939,8.872448979591837,non-overlapping daily forecast anchors and disjoint run extraction
test_daily,LightGBM,threshold_sweep,empty,0.175,2.0,50,51,1,49,0.02,0.9607843137254902,0.98,8.41,non-overlapping daily forecast anchors and disjoint run extraction
test_daily,LightGBM,threshold_sweep,empty,0.2,2.0,50,51,1,49,0.02,0.9607843137254902,0.98,8.045,non-overlapping daily forecast anchors and disjoint run extraction
test_daily,LightGBM,threshold_sweep,empty,0.225,2.0,51,51,1,50,0.0196078431372549,0.9607843137254902,0.9803921568627451,7.583333333333333,non-overlapping daily forecast anchors and disjoint run extraction
test_daily,LightGBM,threshold_sweep,empty,0.25,2.0,49,51,3,46,0.061224489795918366,0.9215686274509803,0.9387755102040817,7.5,non-overlapping daily forecast anchors and disjoint run extraction
test_daily,LightGBM,threshold_sweep,empty,0.275,2.0,49,51,4,45,0.08163265306122448,0.9215686274509803,0.9183673469387755,7.1938775510204085,non-overlapping daily forecast anchors and disjoint run extraction
test_daily,LightGBM,threshold_sweep,empty,0.3,2.0,47,51,6,41,0.1276595744680851,0.9215686274509803,0.8723404255319149,7.24468085106383,non-overlapping daily forecast anchors and disjoint run extraction
test_daily,LightGBM,threshold_sweep,empty,0.325,2.0,45,51,6,39,0.13333333333333333,0.9215686274509803,0.8666666666666667,7.322222222222222,non-overlapping daily forecast anchors and disjoint run extraction
test_daily,LightGBM,threshold_sweep,empty,0.35,2.0,44,51,6,38,0.13636363636363635,0.9215686274509803,0.8636363636363636,7.267045454545454,non-overlapping daily forecast anchors and disjoint run extraction
test_daily,LightGBM,threshold_sweep,empty,0.375,2.0,45,51,7,38,0.15555555555555556,0.9215686274509803,0.8444444444444444,6.988888888888889,non-overlapping daily forecast anchors and disjoint run extraction
test_daily,LightGBM,threshold_sweep,empty,0.4,2.0,44,51,8,36,0.18181818181818182,0.9215686274509803,0.8181818181818182,6.943181818181818,non-overlapping daily forecast anchors and disjoint run extraction
test_daily,LightGBM,threshold_sweep,empty,0.425,2.0,42,51,10,32,0.23809523809523808,0.8823529411764706,0.7619047619047619,6.916666666666667,non-overlapping daily forecast anchors and disjoint run extraction
test_daily,LightGBM,threshold_sweep,empty,0.45,2.0,42,51,12,30,0.2857142857142857,0.8627450980392157,0.7142857142857143,6.714285714285714,non-overlapping daily forecast anchors and disjoint run extraction
test_daily,LightGBM,threshold_sweep,empty,0.475,2.0,41,51,12,29,0.2926829268292683,0.8431372549019608,0.7073170731707317,6.652439024390244,non-overlapping daily forecast anchors and disjoint run extraction
test_daily,LightGBM,threshold_sweep,empty,0.5,2.0,41,51,12,29,0.2926829268292683,0.8431372549019608,0.7073170731707317,6.554878048780488,non-overlapping daily forecast anchors and disjoint run extraction
test_daily,LightGBM,threshold_sweep,empty,0.525,2.0,41,51,12,29,0.2926829268292683,0.8431372549019608,0.7073170731707317,6.384146341463414,non-overlapping daily forecast anchors and disjoint run extraction
test_daily,LightGBM,threshold_sweep,empty,0.55,2.0,40,51,12,28,0.3,0.8235294117647058,0.7,6.3625,non-overlapping daily forecast anchors and disjoint run extraction
test_daily,LightGBM,threshold_sweep,empty,0.575,2.0,40,51,12,28,0.3,0.8235294117647058,0.7,6.1875,non-overlapping daily forecast anchors and disjoint run extraction
test_daily,LightGBM,threshold_sweep,empty,0.6,2.0,40,51,12,28,0.3,0.8235294117647058,0.7,5.9875,non-overlapping daily forecast anchors and disjoint run extraction
test_daily,LightGBM,threshold_sweep,empty,0.625,2.0,39,51,13,26,0.3333333333333333,0.803921568627451,0.6666666666666666,5.858974358974359,non-overlapping daily forecast anchors and disjoint run extraction
test_daily,LightGBM,threshold_sweep,empty,0.65,2.0,39,51,13,26,0.3333333333333333,0.803921568627451,0.6666666666666666,5.782051282051282,non-overlapping daily forecast anchors and disjoint run extraction
test_daily,LightGBM,threshold_sweep,empty,0.675,2.0,40,51,14,26,0.35,0.803921568627451,0.65,5.55625,non-overlapping daily forecast anchors and disjoint run extraction
test_daily,LightGBM,threshold_sweep,empty,0.7,2.0,39,51,15,24,0.38461538461538464,0.7843137254901961,0.6153846153846154,5.532051282051282,non-overlapping daily forecast anchors and disjoint run extraction
test_daily,LightGBM,threshold_sweep,empty,0.725,2.0,39,51,17,22,0.4358974358974359,0.7647058823529411,0.5641025641025641,5.217948717948718,non-overlapping daily forecast anchors and disjoint run extraction
test_daily,LightGBM,threshold_sweep,empty,0.75,2.0,35,51,13,22,0.37142857142857144,0.6862745098039216,0.6285714285714286,5.478571428571429,non-overlapping daily forecast anchors and disjoint run extraction
test_daily,LightGBM,threshold_sweep,empty,0.775,2.0,33,51,11,22,0.3333333333333333,0.6470588235294118,0.6666666666666666,5.492424242424242,non-overlapping daily forecast anchors and disjoint run extraction
test_daily,LightGBM,threshold_sweep,empty,0.8,2.0,32,51,12,20,0.375,0.6078431372549019,0.625,5.1875,non-overlapping daily forecast anchors and disjoint run extraction
test_daily,LightGBM,threshold_sweep,empty,0.825,2.0,31,51,13,18,0.41935483870967744,0.5686274509803921,0.5806451612903226,4.879032258064516,non-overlapping daily forecast anchors and disjoint run extraction
test_daily,LightGBM,threshold_sweep,empty,0.85,2.0,30,51,14,16,0.4666666666666667,0.5490196078431373,0.5333333333333333,4.583333333333333,non-overlapping daily forecast anchors and disjoint run extraction
test_daily,LightGBM,threshold_sweep,empty,0.875,2.0,28,51,14,14,0.5,0.49019607843137253,0.5,4.366071428571429,non-overlapping daily forecast anchors and disjoint run extraction
test_daily,LightGBM,threshold_sweep,empty,0.9,2.0,23,51,15,8,0.6521739130434783,0.45098039215686275,0.34782608695652173,4.663043478260869,non-overlapping daily forecast anchors and disjoint run extraction
test_daily,LightGBM,threshold_sweep,empty,0.925,2.0,20,51,17,3,0.85,0.4117647058823529,0.15,4.5375,non-overlapping daily forecast anchors and disjoint run extraction
test_daily,LightGBM,threshold_sweep,empty,0.95,2.0,15,51,13,2,0.8666666666666667,0.3137254901960784,0.13333333333333333,4.066666666666666,non-overlapping daily forecast anchors and disjoint run extraction
test_daily,LightGBM,threshold_sweep,empty,0.05,4.0,56,22,0,56,0.0,1.0,1.0,10.700892857142858,non-overlapping daily forecast anchors and disjoint run extraction
test_daily,LightGBM,threshold_sweep,empty,0.075,4.0,48,22,0,48,0.0,1.0,1.0,11.0625,non-overlapping daily forecast anchors and disjoint run extraction
test_daily,LightGBM,threshold_sweep,empty,0.1,4.0,46,22,1,45,0.021739130434782608,1.0,0.9782608695652174,10.494565217391305,non-overlapping daily forecast anchors and disjoint run extraction
test_daily,LightGBM,threshold_sweep,empty,0.125,4.0,44,22,1,43,0.022727272727272728,1.0,0.9772727272727273,10.306818181818182,non-overlapping daily forecast anchors and disjoint run extraction
test_daily,LightGBM,threshold_sweep,empty,0.15,4.0,38,22,1,37,0.02631578947368421,1.0,0.9736842105263158,10.486842105263158,non-overlapping daily forecast anchors and disjoint run extraction
test_daily,LightGBM,threshold_sweep,empty,0.175,4.0,39,22,1,38,0.02564102564102564,1.0,0.9743589743589743,9.897435897435898,non-overlapping daily forecast anchors and disjoint run extraction
test_daily,LightGBM,threshold_sweep,empty,0.2,4.0,33,22,1,32,0.030303030303030304,1.0,0.9696969696969697,10.56060606060606,non-overlapping daily forecast anchors and disjoint run extraction
test_daily,LightGBM,threshold_sweep,empty,0.225,4.0,29,22,1,28,0.034482758620689655,1.0,0.9655172413793104,11.060344827586206,non-overlapping daily forecast anchors and disjoint run extraction
test_daily,LightGBM,threshold_sweep,empty,0.25,4.0,29,22,2,27,0.06896551724137931,0.9545454545454546,0.9310344827586207,10.637931034482758,non-overlapping daily forecast anchors and disjoint run extraction
test_daily,LightGBM,threshold_sweep,empty,0.275,4.0,25,22,2,23,0.08,0.9545454545454546,0.92,11.27,non-overlapping daily forecast anchors and disjoint run extraction
test_daily,LightGBM,threshold_sweep,empty,0.3,4.0,24,22,3,21,0.125,0.9545454545454546,0.875,11.364583333333334,non-overlapping daily forecast anchors and disjoint run extraction
test_daily,LightGBM,threshold_sweep,empty,0.325,4.0,22,22,3,19,0.13636363636363635,0.9545454545454546,0.8636363636363636,11.920454545454545,non-overlapping daily forecast anchors and disjoint run extraction
test_daily,LightGBM,threshold_sweep,empty,0.35,4.0,20,22,3,17,0.15,0.9545454545454546,0.85,12.4,non-overlapping daily forecast anchors and disjoint run extraction
test_daily,LightGBM,threshold_sweep,empty,0.375,4.0,20,22,3,17,0.15,0.9545454545454546,0.85,12.075,non-overlapping daily forecast anchors and disjoint run extraction
test_daily,LightGBM,threshold_sweep,empty,0.4,4.0,19,22,3,16,0.15789473684210525,0.9545454545454546,0.8421052631578947,12.328947368421053,non-overlapping daily forecast anchors and disjoint run extraction
test_daily,LightGBM,threshold_sweep,empty,0.425,4.0,19,22,4,15,0.21052631578947367,0.9545454545454546,0.7894736842105263,11.947368421052632,non-overlapping daily forecast anchors and disjoint run extraction
test_daily,LightGBM,threshold_sweep,empty,0.45,4.0,18,22,3,15,0.16666666666666666,0.9090909090909091,0.8333333333333334,12.041666666666666,non-overlapping daily forecast anchors and disjoint run extraction
test_daily,LightGBM,threshold_sweep,empty,0.475,4.0,18,22,3,15,0.16666666666666666,0.9090909090909091,0.8333333333333334,11.708333333333334,non-overlapping daily forecast anchors and disjoint run extraction
test_daily,LightGBM,threshold_sweep,empty,0.5,4.0,18,22,3,15,0.16666666666666666,0.9090909090909091,0.8333333333333334,11.583333333333334,non-overlapping daily forecast anchors and disjoint run extraction
test_daily,LightGBM,threshold_sweep,empty,0.525,4.0,17,22,3,14,0.17647058823529413,0.8636363636363636,0.8235294117647058,11.735294117647058,non-overlapping daily forecast anchors and disjoint run extraction
test_daily,LightGBM,threshold_sweep,empty,0.55,4.0,17,22,3,14,0.17647058823529413,0.8181818181818182,0.8235294117647058,11.558823529411764,non-overlapping daily forecast anchors and disjoint run extraction
test_daily,LightGBM,threshold_sweep,empty,0.575,4.0,17,22,3,14,0.17647058823529413,0.8181818181818182,0.8235294117647058,11.191176470588236,non-overlapping daily forecast anchors and disjoint run extraction
test_daily,LightGBM,threshold_sweep,empty,0.6,4.0,17,22,3,14,0.17647058823529413,0.8181818181818182,0.8235294117647058,10.720588235294118,non-overlapping daily forecast anchors and disjoint run extraction
test_daily,LightGBM,threshold_sweep,empty,0.625,4.0,16,22,3,13,0.1875,0.8181818181818182,0.8125,10.671875,non-overlapping daily forecast anchors and disjoint run extraction
test_daily,LightGBM,threshold_sweep,empty,0.65,4.0,16,22,3,13,0.1875,0.8181818181818182,0.8125,10.515625,non-overlapping daily forecast anchors and disjoint run extraction
test_daily,LightGBM,threshold_sweep,empty,0.675,4.0,16,22,3,13,0.1875,0.8181818181818182,0.8125,10.203125,non-overlapping daily forecast anchors and disjoint run extraction
test_daily,LightGBM,threshold_sweep,empty,0.7,4.0,16,22,3,13,0.1875,0.8181818181818182,0.8125,9.96875,non-overlapping daily forecast anchors and disjoint run extraction
test_daily,LightGBM,threshold_sweep,empty,0.725,4.0,16,22,5,11,0.3125,0.7727272727272727,0.6875,9.3125,non-overlapping daily forecast anchors and disjoint run extraction
test_daily,LightGBM,threshold_sweep,empty,0.75,4.0,16,22,5,11,0.3125,0.7727272727272727,0.6875,9.1875,non-overlapping daily forecast anchors and disjoint run extraction
test_daily,LightGBM,threshold_sweep,empty,0.775,4.0,16,22,5,11,0.3125,0.7727272727272727,0.6875,8.890625,non-overlapping daily forecast anchors and disjoint run extraction
test_daily,LightGBM,threshold_sweep,empty,0.8,4.0,15,22,7,8,0.4666666666666667,0.7272727272727273,0.5333333333333333,8.483333333333333,non-overlapping daily forecast anchors and disjoint run extraction
test_daily,LightGBM,threshold_sweep,empty,0.825,4.0,13,22,7,6,0.5384615384615384,0.5909090909090909,0.46153846153846156,8.307692307692308,non-overlapping daily forecast anchors and disjoint run extraction
test_daily,LightGBM,threshold_sweep,empty,0.85,4.0,12,22,7,5,0.5833333333333334,0.5454545454545454,0.4166666666666667,7.916666666666667,non-overlapping daily forecast anchors and disjoint run extraction
test_daily,LightGBM,threshold_sweep,empty,0.875,4.0,12,22,8,4,0.6666666666666666,0.5454545454545454,0.3333333333333333,7.208333333333333,non-overlapping daily forecast anchors and disjoint run extraction
test_daily,LightGBM,threshold_sweep,empty,0.9,4.0,12,22,8,4,0.6666666666666666,0.5454545454545454,0.3333333333333333,6.875,non-overlapping daily forecast anchors and disjoint run extraction
test_daily,LightGBM,threshold_sweep,empty,0.925,4.0,10,22,9,1,0.9,0.45454545454545453,0.1,6.65,non-overlapping daily forecast anchors and disjoint run extraction
test_daily,LightGBM,threshold_sweep,empty,0.95,4.0,5,22,4,1,0.8,0.22727272727272727,0.2,6.75,non-overlapping daily forecast anchors and disjoint run extraction
test_daily,Random forest,threshold_sweep,empty,0.05,1.0,67,70,0,67,0.0,1.0,1.0,11.884328358208956,non-overlapping daily forecast anchors and disjoint run extraction
test_daily,Random forest,threshold_sweep,empty,0.075,1.0,65,70,0,65,0.0,1.0,1.0,11.011538461538462,non-overlapping daily forecast anchors and disjoint run extraction
test_daily,Random forest,threshold_sweep,empty,0.1,1.0,66,70,0,66,0.0,0.9857142857142858,1.0,9.587121212121213,non-overlapping daily forecast anchors and disjoint run extraction
test_daily,Random forest,threshold_sweep,empty,0.125,1.0,57,70,0,57,0.0,0.9714285714285714,1.0,10.035087719298245,non-overlapping daily forecast anchors and disjoint run extraction
test_daily,Random forest,threshold_sweep,empty,0.15,1.0,59,70,0,59,0.0,0.9714285714285714,1.0,8.94915254237288,non-overlapping daily forecast anchors and disjoint run extraction
test_daily,Random forest,threshold_sweep,empty,0.175,1.0,56,70,0,56,0.0,0.9714285714285714,1.0,9.0625,non-overlapping daily forecast anchors and disjoint run extraction
test_daily,Random forest,threshold_sweep,empty,0.2,1.0,55,70,0,55,0.0,0.9714285714285714,1.0,9.077272727272728,non-overlapping daily forecast anchors and disjoint run extraction
test_daily,Random forest,threshold_sweep,empty,0.225,1.0,55,70,1,54,0.01818181818181818,0.9714285714285714,0.9818181818181818,8.813636363636364,non-overlapping daily forecast anchors and disjoint run extraction
test_daily,Random forest,threshold_sweep,empty,0.25,1.0,52,70,1,51,0.019230769230769232,0.9714285714285714,0.9807692307692307,8.95673076923077,non-overlapping daily forecast anchors and disjoint run extraction
test_daily,Random forest,threshold_sweep,empty,0.275,1.0,51,70,1,50,0.0196078431372549,0.9714285714285714,0.9803921568627451,8.504901960784315,non-overlapping daily forecast anchors and disjoint run extraction
test_daily,Random forest,threshold_sweep,empty,0.3,1.0,49,70,4,45,0.08163265306122448,0.9571428571428572,0.9183673469387755,8.377551020408163,non-overlapping daily forecast anchors and disjoint run extraction
test_daily,Random forest,threshold_sweep,empty,0.325,1.0,48,70,5,43,0.10416666666666667,0.9428571428571428,0.8958333333333334,7.963541666666667,non-overlapping daily forecast anchors and disjoint run extraction
test_daily,Random forest,threshold_sweep,empty,0.35,1.0,49,70,6,43,0.12244897959183673,0.9142857142857143,0.8775510204081632,7.438775510204081,non-overlapping daily forecast anchors and disjoint run extraction
test_daily,Random forest,threshold_sweep,empty,0.375,1.0,46,70,6,40,0.13043478260869565,0.8714285714285714,0.8695652173913043,7.657608695652174,non-overlapping daily forecast anchors and disjoint run extraction
test_daily,Random forest,threshold_sweep,empty,0.4,1.0,44,70,7,37,0.1590909090909091,0.8714285714285714,0.8409090909090909,7.818181818181818,non-overlapping daily forecast anchors and disjoint run extraction
test_daily,Random forest,threshold_sweep,empty,0.425,1.0,43,70,10,33,0.23255813953488372,0.8714285714285714,0.7674418604651163,7.738372093023256,non-overlapping daily forecast anchors and disjoint run extraction
test_daily,Random forest,threshold_sweep,empty,0.45,1.0,44,70,12,32,0.2727272727272727,0.8714285714285714,0.7272727272727273,7.465909090909091,non-overlapping daily forecast anchors and disjoint run extraction
test_daily,Random forest,threshold_sweep,empty,0.475,1.0,43,70,12,31,0.27906976744186046,0.8714285714285714,0.7209302325581395,7.482558139534884,non-overlapping daily forecast anchors and disjoint run extraction
test_daily,Random forest,threshold_sweep,empty,0.5,1.0,44,70,14,30,0.3181818181818182,0.8285714285714286,0.6818181818181818,7.005681818181818,non-overlapping daily forecast anchors and disjoint run extraction
test_daily,Random forest,threshold_sweep,empty,0.525,1.0,43,70,15,28,0.3488372093023256,0.8,0.6511627906976745,6.936046511627907,non-overlapping daily forecast anchors and disjoint run extraction
test_daily,Random forest,threshold_sweep,empty,0.55,1.0,41,70,14,27,0.34146341463414637,0.7714285714285715,0.6585365853658537,7.054878048780488,non-overlapping daily forecast anchors and disjoint run extraction
test_daily,Random forest,threshold_sweep,empty,0.575,1.0,42,70,15,27,0.35714285714285715,0.7571428571428571,0.6428571428571429,6.553571428571429,non-overlapping daily forecast anchors and disjoint run extraction
test_daily,Random forest,threshold_sweep,empty,0.6,1.0,42,70,17,25,0.40476190476190477,0.7428571428571429,0.5952380952380952,6.279761904761905,non-overlapping daily forecast anchors and disjoint run extraction
test_daily,Random forest,threshold_sweep,empty,0.625,1.0,43,70,19,24,0.4418604651162791,0.7428571428571429,0.5581395348837209,5.848837209302325,non-overlapping daily forecast anchors and disjoint run extraction
test_daily,Random forest,threshold_sweep,empty,0.65,1.0,41,70,19,22,0.4634146341463415,0.7142857142857143,0.5365853658536586,5.865853658536586,non-overlapping daily forecast anchors and disjoint run extraction
test_daily,Random forest,threshold_sweep,empty,0.675,1.0,41,70,19,22,0.4634146341463415,0.7,0.5365853658536586,5.646341463414634,non-overlapping daily forecast anchors and disjoint run extraction
test_daily,Random forest,threshold_sweep,empty,0.7,1.0,40,70,19,21,0.475,0.6857142857142857,0.525,5.53125,non-overlapping daily forecast anchors and disjoint run extraction
test_daily,Random forest,threshold_sweep,empty,0.725,1.0,38,70,18,20,0.47368421052631576,0.6571428571428571,0.5263157894736842,5.177631578947368,non-overlapping daily forecast anchors and disjoint run extraction
test_daily,Random forest,threshold_sweep,empty,0.75,1.0,33,70,15,18,0.45454545454545453,0.5714285714285714,0.5454545454545454,5.401515151515151,non-overlapping daily forecast anchors and disjoint run extraction
test_daily,Random forest,threshold_sweep,empty,0.775,1.0,29,70,11,18,0.3793103448275862,0.5142857142857142,0.6206896551724138,5.612068965517241,non-overlapping daily forecast anchors and disjoint run extraction
test_daily,Random forest,threshold_sweep,empty,0.8,1.0,26,70,9,17,0.34615384615384615,0.45714285714285713,0.6538461538461539,5.605769230769231,non-overlapping daily forecast anchors and disjoint run extraction
test_daily,Random forest,threshold_sweep,empty,0.825,1.0,22,70,9,13,0.4090909090909091,0.35714285714285715,0.5909090909090909,5.284090909090909,non-overlapping daily forecast anchors and disjoint run extraction
test_daily,Random forest,threshold_sweep,empty,0.85,1.0,18,70,10,8,0.5555555555555556,0.2857142857142857,0.4444444444444444,5.375,non-overlapping daily forecast anchors and disjoint run extraction
test_daily,Random forest,threshold_sweep,empty,0.875,1.0,16,70,10,6,0.625,0.2714285714285714,0.375,5.140625,non-overlapping daily forecast anchors and disjoint run extraction
test_daily,Random forest,threshold_sweep,empty,0.9,1.0,13,70,9,4,0.6923076923076923,0.22857142857142856,0.3076923076923077,5.1923076923076925,non-overlapping daily forecast anchors and disjoint run extraction
test_daily,Random forest,threshold_sweep,empty,0.925,1.0,10,70,7,3,0.7,0.15714285714285714,0.3,4.7,non-overlapping daily forecast anchors and disjoint run extraction
test_daily,Random forest,threshold_sweep,empty,0.95,1.0,4,70,4,0,1.0,0.05714285714285714,0.0,3.25,non-overlapping daily forecast anchors and disjoint run extraction
test_daily,Random forest,threshold_sweep,empty,0.05,2.0,67,51,0,67,0.0,1.0,1.0,11.884328358208956,non-overlapping daily forecast anchors and disjoint run extraction
test_daily,Random forest,threshold_sweep,empty,0.075,2.0,65,51,0,65,0.0,1.0,1.0,11.011538461538462,non-overlapping daily forecast anchors and disjoint run extraction
test_daily,Random forest,threshold_sweep,empty,0.1,2.0,64,51,0,64,0.0,1.0,1.0,9.8359375,non-overlapping daily forecast anchors and disjoint run extraction
test_daily,Random forest,threshold_sweep,empty,0.125,2.0,57,51,0,57,0.0,1.0,1.0,10.035087719298245,non-overlapping daily forecast anchors and disjoint run extraction
test_daily,Random forest,threshold_sweep,empty,0.15,2.0,57,51,0,57,0.0,1.0,1.0,9.210526315789474,non-overlapping daily forecast anchors and disjoint run extraction
test_daily,Random forest,threshold_sweep,empty,0.175,2.0,53,51,0,53,0.0,1.0,1.0,9.49056603773585,non-overlapping daily forecast anchors and disjoint run extraction
test_daily,Random forest,threshold_sweep,empty,0.2,2.0,52,51,0,52,0.0,1.0,1.0,9.514423076923077,non-overlapping daily forecast anchors and disjoint run extraction
test_daily,Random forest,threshold_sweep,empty,0.225,2.0,50,51,1,49,0.02,1.0,0.98,9.58,non-overlapping daily forecast anchors and disjoint run extraction
test_daily,Random forest,threshold_sweep,empty,0.25,2.0,49,51,1,48,0.02040816326530612,1.0,0.9795918367346939,9.428571428571429,non-overlapping daily forecast anchors and disjoint run extraction
test_daily,Random forest,threshold_sweep,empty,0.275,2.0,48,51,1,47,0.020833333333333332,1.0,0.9791666666666666,8.953125,non-overlapping daily forecast anchors and disjoint run extraction
test_daily,Random forest,threshold_sweep,empty,0.3,2.0,46,51,3,43,0.06521739130434782,0.9803921568627451,0.9347826086956522,8.831521739130435,non-overlapping daily forecast anchors and disjoint run extraction
test_daily,Random forest,threshold_sweep,empty,0.325,2.0,46,51,5,41,0.10869565217391304,0.9803921568627451,0.8913043478260869,8.26086956521739,non-overlapping daily forecast anchors and disjoint run extraction
test_daily,Random forest,threshold_sweep,empty,0.35,2.0,44,51,5,39,0.11363636363636363,0.9607843137254902,0.8863636363636364,8.130681818181818,non-overlapping daily forecast anchors and disjoint run extraction
test_daily,Random forest,threshold_sweep,empty,0.375,2.0,44,51,6,38,0.13636363636363635,0.9607843137254902,0.8636363636363636,7.948863636363637,non-overlapping daily forecast anchors and disjoint run extraction
test_daily,Random forest,threshold_sweep,empty,0.4,2.0,44,51,7,37,0.1590909090909091,0.9607843137254902,0.8409090909090909,7.818181818181818,non-overlapping daily forecast anchors and disjoint run extraction
test_daily,Random forest,threshold_sweep,empty,0.425,2.0,42,51,9,33,0.21428571428571427,0.9411764705882353,0.7857142857142857,7.886904761904762,non-overlapping daily forecast anchors and disjoint run extraction
test_daily,Random forest,threshold_sweep,empty,0.45,2.0,41,51,9,32,0.21951219512195122,0.9215686274509803,0.7804878048780488,7.920731707317073,non-overlapping daily forecast anchors and disjoint run extraction
test_daily,Random forest,threshold_sweep,empty,0.475,2.0,41,51,10,31,0.24390243902439024,0.9215686274509803,0.7560975609756098,7.786585365853658,non-overlapping daily forecast anchors and disjoint run extraction
test_daily,Random forest,threshold_sweep,empty,0.5,2.0,40,51,11,29,0.275,0.8823529411764706,0.725,7.59375,non-overlapping daily forecast anchors and disjoint run extraction
test_daily,Random forest,threshold_sweep,empty,0.525,2.0,40,51,13,27,0.325,0.8823529411764706,0.675,7.375,non-overlapping daily forecast anchors and disjoint run extraction
test_daily,Random forest,threshold_sweep,empty,0.55,2.0,40,51,13,27,0.325,0.8627450980392157,0.675,7.2,non-overlapping daily forecast anchors and disjoint run extraction
test_daily,Random forest,threshold_sweep,empty,0.575,2.0,39,51,13,26,0.3333333333333333,0.8235294117647058,0.6666666666666666,6.961538461538462,non-overlapping daily forecast anchors and disjoint run extraction
test_daily,Random forest,threshold_sweep,empty,0.6,2.0,38,51,14,24,0.3684210526315789,0.7843137254901961,0.631578947368421,6.815789473684211,non-overlapping daily forecast anchors and disjoint run extraction
test_daily,Random forest,threshold_sweep,empty,0.625,2.0,38,51,14,24,0.3684210526315789,0.7843137254901961,0.631578947368421,6.453947368421052,non-overlapping daily forecast anchors and disjoint run extraction
test_daily,Random forest,threshold_sweep,empty,0.65,2.0,37,51,15,22,0.40540540540540543,0.7647058823529411,0.5945945945945946,6.385135135135135,non-overlapping daily forecast anchors and disjoint run extraction
test_daily,Random forest,threshold_sweep,empty,0.675,2.0,36,51,14,22,0.3888888888888889,0.7254901960784313,0.6111111111111112,6.270833333333333,non-overlapping daily forecast anchors and disjoint run extraction
test_daily,Random forest,threshold_sweep,empty,0.7,2.0,36,51,15,21,0.4166666666666667,0.7254901960784313,0.5833333333333334,6.027777777777778,non-overlapping daily forecast anchors and disjoint run extraction
test_daily,Random forest,threshold_sweep,empty,0.725,2.0,32,51,12,20,0.375,0.6274509803921569,0.625,5.9296875,non-overlapping daily forecast anchors and disjoint run extraction
test_daily,Random forest,threshold_sweep,empty,0.75,2.0,29,51,11,18,0.3793103448275862,0.5490196078431373,0.6206896551724138,5.982758620689655,non-overlapping daily forecast anchors and disjoint run extraction
test_daily,Random forest,threshold_sweep,empty,0.775,2.0,27,51,9,18,0.3333333333333333,0.5098039215686274,0.6666666666666666,5.953703703703703,non-overlapping daily forecast anchors and disjoint run extraction
test_daily,Random forest,threshold_sweep,empty,0.8,2.0,22,51,7,15,0.3181818181818182,0.47058823529411764,0.6818181818181818,6.409090909090909,non-overlapping daily forecast anchors and disjoint run extraction
test_daily,Random forest,threshold_sweep,empty,0.825,2.0,20,51,8,12,0.4,0.39215686274509803,0.6,5.675,non-overlapping daily forecast anchors and disjoint run extraction
test_daily,Random forest,threshold_sweep,empty,0.85,2.0,16,51,10,6,0.625,0.37254901960784315,0.375,5.890625,non-overlapping daily forecast anchors and disjoint run extraction
test_daily,Random forest,threshold_sweep,empty,0.875,2.0,14,51,8,6,0.5714285714285714,0.3333333333333333,0.42857142857142855,5.714285714285714,non-overlapping daily forecast anchors and disjoint run extraction
test_daily,Random forest,threshold_sweep,empty,0.9,2.0,13,51,9,4,0.6923076923076923,0.29411764705882354,0.3076923076923077,5.1923076923076925,non-overlapping daily forecast anchors and disjoint run extraction
test_daily,Random forest,threshold_sweep,empty,0.925,2.0,8,51,5,3,0.625,0.17647058823529413,0.375,5.59375,non-overlapping daily forecast anchors and disjoint run extraction
test_daily,Random forest,threshold_sweep,empty,0.95,2.0,3,51,3,0,1.0,0.058823529411764705,0.0,3.9166666666666665,non-overlapping daily forecast anchors and disjoint run extraction
test_daily,Random forest,threshold_sweep,empty,0.05,4.0,62,22,0,62,0.0,1.0,1.0,12.620967741935484,non-overlapping daily forecast anchors and disjoint run extraction
test_daily,Random forest,threshold_sweep,empty,0.075,4.0,62,22,0,62,0.0,1.0,1.0,11.411290322580646,non-overlapping daily forecast anchors and disjoint run extraction
test_daily,Random forest,threshold_sweep,empty,0.1,4.0,60,22,0,60,0.0,1.0,1.0,10.333333333333334,non-overlapping daily forecast anchors and disjoint run extraction
test_daily,Random forest,threshold_sweep,empty,0.125,4.0,51,22,0,51,0.0,1.0,1.0,10.916666666666666,non-overlapping daily forecast anchors and disjoint run extraction
test_daily,Random forest,threshold_sweep,empty,0.15,4.0,50,22,0,50,0.0,1.0,1.0,10.125,non-overlapping daily forecast anchors and disjoint run extraction
test_daily,Random forest,threshold_sweep,empty,0.175,4.0,48,22,0,48,0.0,1.0,1.0,10.21875,non-overlapping daily forecast anchors and disjoint run extraction
test_daily,Random forest,threshold_sweep,empty,0.2,4.0,48,22,0,48,0.0,1.0,1.0,10.114583333333334,non-overlapping daily forecast anchors and disjoint run extraction
test_daily,Random forest,threshold_sweep,empty,0.225,4.0,46,22,1,45,0.021739130434782608,1.0,0.9782608695652174,10.152173913043478,non-overlapping daily forecast anchors and disjoint run extraction
test_daily,Random forest,threshold_sweep,empty,0.25,4.0,41,22,1,40,0.024390243902439025,1.0,0.975609756097561,10.609756097560975,non-overlapping daily forecast anchors and disjoint run extraction
test_daily,Random forest,threshold_sweep,empty,0.275,4.0,30,22,1,29,0.03333333333333333,1.0,0.9666666666666667,12.35,non-overlapping daily forecast anchors and disjoint run extraction
test_daily,Random forest,threshold_sweep,empty,0.3,4.0,29,22,2,27,0.06896551724137931,1.0,0.9310344827586207,12.03448275862069,non-overlapping daily forecast anchors and disjoint run extraction
test_daily,Random forest,threshold_sweep,empty,0.325,4.0,24,22,2,22,0.08333333333333333,1.0,0.9166666666666666,12.947916666666666,non-overlapping daily forecast anchors and disjoint run extraction
test_daily,Random forest,threshold_sweep,empty,0.35,4.0,24,22,2,22,0.08333333333333333,1.0,0.9166666666666666,12.270833333333334,non-overlapping daily forecast anchors and disjoint run extraction
test_daily,Random forest,threshold_sweep,empty,0.375,4.0,23,22,2,21,0.08695652173913043,1.0,0.9130434782608695,12.326086956521738,non-overlapping daily forecast anchors and disjoint run extraction
test_daily,Random forest,threshold_sweep,empty,0.4,4.0,22,22,2,20,0.09090909090909091,1.0,0.9090909090909091,12.556818181818182,non-overlapping daily forecast anchors and disjoint run extraction
test_daily,Random forest,threshold_sweep,empty,0.425,4.0,19,22,2,17,0.10526315789473684,0.9545454545454546,0.8947368421052632,13.657894736842104,non-overlapping daily forecast anchors and disjoint run extraction
test_daily,Random forest,threshold_sweep,empty,0.45,4.0,19,22,2,17,0.10526315789473684,0.9545454545454546,0.8947368421052632,13.578947368421053,non-overlapping daily forecast anchors and disjoint run extraction
test_daily,Random forest,threshold_sweep,empty,0.475,4.0,19,22,3,16,0.15789473684210525,0.9545454545454546,0.8421052631578947,13.368421052631579,non-overlapping daily forecast anchors and disjoint run extraction
test_daily,Random forest,threshold_sweep,empty,0.5,4.0,19,22,4,15,0.21052631578947367,0.9090909090909091,0.7894736842105263,12.763157894736842,non-overlapping daily forecast anchors and disjoint run extraction
test_daily,Random forest,threshold_sweep,empty,0.525,4.0,18,22,4,14,0.2222222222222222,0.9090909090909091,0.7777777777777778,12.930555555555555,non-overlapping daily forecast anchors and disjoint run extraction
test_daily,Random forest,threshold_sweep,empty,0.55,4.0,18,22,4,14,0.2222222222222222,0.9090909090909091,0.7777777777777778,12.708333333333334,non-overlapping daily forecast anchors and disjoint run extraction
test_daily,Random forest,threshold_sweep,empty,0.575,4.0,18,22,4,14,0.2222222222222222,0.9090909090909091,0.7777777777777778,12.125,non-overlapping daily forecast anchors and disjoint run extraction
test_daily,Random forest,threshold_sweep,empty,0.6,4.0,17,22,3,14,0.17647058823529413,0.8181818181818182,0.8235294117647058,12.220588235294118,non-overlapping daily forecast anchors and disjoint run extraction
test_daily,Random forest,threshold_sweep,empty,0.625,4.0,16,22,3,13,0.1875,0.8181818181818182,0.8125,12.09375,non-overlapping daily forecast anchors and disjoint run extraction
test_daily,Random forest,threshold_sweep,empty,0.65,4.0,16,22,3,13,0.1875,0.8181818181818182,0.8125,11.765625,non-overlapping daily forecast anchors and disjoint run extraction
test_daily,Random forest,threshold_sweep,empty,0.675,4.0,16,22,3,13,0.1875,0.8181818181818182,0.8125,11.28125,non-overlapping daily forecast anchors and disjoint run extraction
test_daily,Random forest,threshold_sweep,empty,0.7,4.0,16,22,3,13,0.1875,0.8181818181818182,0.8125,10.875,non-overlapping daily forecast anchors and disjoint run extraction
test_daily,Random forest,threshold_sweep,empty,0.725,4.0,15,22,3,12,0.2,0.7272727272727273,0.8,10.183333333333334,non-overlapping daily forecast anchors and disjoint run extraction
test_daily,Random forest,threshold_sweep,empty,0.75,4.0,15,22,4,11,0.26666666666666666,0.6818181818181818,0.7333333333333333,9.55,non-overlapping daily forecast anchors and disjoint run extraction
test_daily,Random forest,threshold_sweep,empty,0.775,4.0,14,22,3,11,0.21428571428571427,0.6363636363636364,0.7857142857142857,9.464285714285714,non-overlapping daily forecast anchors and disjoint run extraction
test_daily,Random forest,threshold_sweep,empty,0.8,4.0,13,22,2,11,0.15384615384615385,0.5909090909090909,0.8461538461538461,9.25,non-overlapping daily forecast anchors and disjoint run extraction
test_daily,Random forest,threshold_sweep,empty,0.825,4.0,12,22,4,8,0.3333333333333333,0.5454545454545454,0.6666666666666666,7.9375,non-overlapping daily forecast anchors and disjoint run extraction
test_daily,Random forest,threshold_sweep,empty,0.85,4.0,11,22,7,4,0.6363636363636364,0.5,0.36363636363636365,7.5,non-overlapping daily forecast anchors and disjoint run extraction
test_daily,Random forest,threshold_sweep,empty,0.875,4.0,9,22,6,3,0.6666666666666666,0.4090909090909091,0.3333333333333333,7.583333333333333,non-overlapping daily forecast anchors and disjoint run extraction
test_daily,Random forest,threshold_sweep,empty,0.9,4.0,6,22,4,2,0.6666666666666666,0.2727272727272727,0.3333333333333333,8.375,non-overlapping daily forecast anchors and disjoint run extraction
test_daily,Random forest,threshold_sweep,empty,0.925,4.0,4,22,2,2,0.5,0.13636363636363635,0.5,8.625,non-overlapping daily forecast anchors and disjoint run extraction
test_daily,Random forest,threshold_sweep,empty,0.95,4.0,2,22,2,0,1.0,0.09090909090909091,0.0,4.5,non-overlapping daily forecast anchors and disjoint run extraction
test_daily,DLinear,threshold_sweep,empty,0.05,1.0,43,70,0,43,0.0,1.0,1.0,23.732558139534884,non-overlapping daily forecast anchors and disjoint run extraction
test_daily,DLinear,threshold_sweep,empty,0.075,1.0,43,70,0,43,0.0,1.0,1.0,23.261627906976745,non-overlapping daily forecast anchors and disjoint run extraction
test_daily,DLinear,threshold_sweep,empty,0.1,1.0,44,70,0,44,0.0,1.0,1.0,22.522727272727273,non-overlapping daily forecast anchors and disjoint run extraction
test_daily,DLinear,threshold_sweep,empty,0.125,1.0,47,70,0,47,0.0,1.0,1.0,20.914893617021278,non-overlapping daily forecast anchors and disjoint run extraction
test_daily,DLinear,threshold_sweep,empty,0.15,1.0,48,70,0,48,0.0,1.0,1.0,20.244791666666668,non-overlapping daily forecast anchors and disjoint run extraction
test_daily,DLinear,threshold_sweep,empty,0.175,1.0,48,70,0,48,0.0,1.0,1.0,20.010416666666668,non-overlapping daily forecast anchors and disjoint run extraction
test_daily,DLinear,threshold_sweep,empty,0.2,1.0,51,70,0,51,0.0,1.0,1.0,18.642156862745097,non-overlapping daily forecast anchors and disjoint run extraction
test_daily,DLinear,threshold_sweep,empty,0.225,1.0,54,70,0,54,0.0,1.0,1.0,17.15277777777778,non-overlapping daily forecast anchors and disjoint run extraction
test_daily,DLinear,threshold_sweep,empty,0.25,1.0,61,70,0,61,0.0,1.0,1.0,14.78688524590164,non-overlapping daily forecast anchors and disjoint run extraction
test_daily,DLinear,threshold_sweep,empty,0.275,1.0,93,70,6,87,0.06451612903225806,0.9857142857142858,0.9354838709677419,8.771505376344086,non-overlapping daily forecast anchors and disjoint run extraction
test_daily,DLinear,threshold_sweep,empty,0.3,1.0,100,70,11,89,0.11,0.9571428571428572,0.89,7.4,non-overlapping daily forecast anchors and disjoint run extraction
test_daily,DLinear,threshold_sweep,empty,0.325,1.0,128,70,13,115,0.1015625,0.9428571428571428,0.8984375,4.955078125,non-overlapping daily forecast anchors and disjoint run extraction
test_daily,DLinear,threshold_sweep,empty,0.35,1.0,104,70,12,92,0.11538461538461539,0.8714285714285714,0.8846153846153846,4.548076923076923,non-overlapping daily forecast anchors and disjoint run extraction
test_daily,DLinear,threshold_sweep,empty,0.375,1.0,80,70,14,66,0.175,0.8142857142857143,0.825,4.8125,non-overlapping daily forecast anchors and disjoint run extraction
test_daily,DLinear,threshold_sweep,empty,0.4,1.0,64,70,15,49,0.234375,0.8,0.765625,5.34765625,non-overlapping daily forecast anchors and disjoint run extraction
test_daily,DLinear,threshold_sweep,empty,0.425,1.0,62,70,16,46,0.25806451612903225,0.8,0.7419354838709677,5.225806451612903,non-overlapping daily forecast anchors and disjoint run extraction
test_daily,DLinear,threshold_sweep,empty,0.45,1.0,62,70,20,42,0.3225806451612903,0.8,0.6774193548387096,5.028225806451613,non-overlapping daily forecast anchors and disjoint run extraction
test_daily,DLinear,threshold_sweep,empty,0.475,1.0,58,70,23,35,0.39655172413793105,0.7857142857142857,0.603448275862069,5.142241379310345,non-overlapping daily forecast anchors and disjoint run extraction
test_daily,DLinear,threshold_sweep,empty,0.5,1.0,59,70,23,36,0.3898305084745763,0.7428571428571429,0.6101694915254238,4.889830508474576,non-overlapping daily forecast anchors and disjoint run extraction
test_daily,DLinear,threshold_sweep,empty,0.525,1.0,59,70,23,36,0.3898305084745763,0.7285714285714285,0.6101694915254238,4.648305084745763,non-overlapping daily forecast anchors and disjoint run extraction
test_daily,DLinear,threshold_sweep,empty,0.55,1.0,59,70,24,35,0.4067796610169492,0.7285714285714285,0.5932203389830508,4.461864406779661,non-overlapping daily forecast anchors and disjoint run extraction
test_daily,DLinear,threshold_sweep,empty,0.575,1.0,55,70,24,31,0.43636363636363634,0.6857142857142857,0.5636363636363636,4.495454545454545,non-overlapping daily forecast anchors and disjoint run extraction
test_daily,DLinear,threshold_sweep,empty,0.6,1.0,51,70,25,26,0.49019607843137253,0.6714285714285714,0.5098039215686274,4.549019607843137,non-overlapping daily forecast anchors and disjoint run extraction
test_daily,DLinear,threshold_sweep,empty,0.625,1.0,49,70,24,25,0.4897959183673469,0.6428571428571429,0.5102040816326531,4.479591836734694,non-overlapping daily forecast anchors and disjoint run extraction
test_daily,DLinear,threshold_sweep,empty,0.65,1.0,48,70,26,22,0.5416666666666666,0.6142857142857143,0.4583333333333333,4.234375,non-overlapping daily forecast anchors and disjoint run extraction
test_daily,DLinear,threshold_sweep,empty,0.675,1.0,47,70,23,24,0.48936170212765956,0.5571428571428572,0.5106382978723404,3.9148936170212765,non-overlapping daily forecast anchors and disjoint run extraction
test_daily,DLinear,threshold_sweep,empty,0.7,1.0,50,70,29,21,0.58,0.5571428571428572,0.42,3.275,non-overlapping daily forecast anchors and disjoint run extraction
test_daily,DLinear,threshold_sweep,empty,0.725,1.0,43,70,27,16,0.627906976744186,0.4714285714285714,0.37209302325581395,3.127906976744186,non-overlapping daily forecast anchors and disjoint run extraction
test_daily,DLinear,threshold_sweep,empty,0.75,1.0,32,70,20,12,0.625,0.4,0.375,3.4296875,non-overlapping daily forecast anchors and disjoint run extraction
test_daily,DLinear,threshold_sweep,empty,0.775,1.0,22,70,15,7,0.6818181818181818,0.2857142857142857,0.3181818181818182,3.897727272727273,non-overlapping daily forecast anchors and disjoint run extraction
test_daily,DLinear,threshold_sweep,empty,0.8,1.0,8,70,4,4,0.5,0.11428571428571428,0.5,8.3125,non-overlapping daily forecast anchors and disjoint run extraction
test_daily,DLinear,threshold_sweep,empty,0.825,1.0,8,70,4,4,0.5,0.1,0.5,7.8125,non-overlapping daily forecast anchors and disjoint run extraction
test_daily,DLinear,threshold_sweep,empty,0.85,1.0,9,70,4,5,0.4444444444444444,0.1,0.5555555555555556,5.027777777777778,non-overlapping daily forecast anchors and disjoint run extraction
test_daily,DLinear,threshold_sweep,empty,0.875,1.0,7,70,3,4,0.42857142857142855,0.1,0.5714285714285714,5.535714285714286,non-overlapping daily forecast anchors and disjoint run extraction
test_daily,DLinear,threshold_sweep,empty,0.9,1.0,6,70,2,4,0.3333333333333333,0.08571428571428572,0.6666666666666666,4.791666666666667,non-overlapping daily forecast anchors and disjoint run extraction
test_daily,DLinear,threshold_sweep,empty,0.925,1.0,6,70,2,4,0.3333333333333333,0.08571428571428572,0.6666666666666666,3.7916666666666665,non-overlapping daily forecast anchors and disjoint run extraction
test_daily,DLinear,threshold_sweep,empty,0.95,1.0,5,70,4,1,0.8,0.07142857142857142,0.2,1.75,non-overlapping daily forecast anchors and disjoint run extraction
test_daily,DLinear,threshold_sweep,empty,0.05,2.0,43,51,0,43,0.0,1.0,1.0,23.732558139534884,non-overlapping daily forecast anchors and disjoint run extraction
test_daily,DLinear,threshold_sweep,empty,0.075,2.0,43,51,0,43,0.0,1.0,1.0,23.261627906976745,non-overlapping daily forecast anchors and disjoint run extraction
test_daily,DLinear,threshold_sweep,empty,0.1,2.0,44,51,0,44,0.0,1.0,1.0,22.522727272727273,non-overlapping daily forecast anchors and disjoint run extraction
test_daily,DLinear,threshold_sweep,empty,0.125,2.0,46,51,0,46,0.0,1.0,1.0,21.342391304347824,non-overlapping daily forecast anchors and disjoint run extraction
test_daily,DLinear,threshold_sweep,empty,0.15,2.0,48,51,0,48,0.0,1.0,1.0,20.244791666666668,non-overlapping daily forecast anchors and disjoint run extraction
test_daily,DLinear,threshold_sweep,empty,0.175,2.0,48,51,0,48,0.0,1.0,1.0,20.010416666666668,non-overlapping daily forecast anchors and disjoint run extraction
test_daily,DLinear,threshold_sweep,empty,0.2,2.0,50,51,0,50,0.0,1.0,1.0,18.99,non-overlapping daily forecast anchors and disjoint run extraction
test_daily,DLinear,threshold_sweep,empty,0.225,2.0,52,51,0,52,0.0,1.0,1.0,17.754807692307693,non-overlapping daily forecast anchors and disjoint run extraction
test_daily,DLinear,threshold_sweep,empty,0.25,2.0,58,51,0,58,0.0,0.9803921568627451,1.0,15.469827586206897,non-overlapping daily forecast anchors and disjoint run extraction
test_daily,DLinear,threshold_sweep,empty,0.275,2.0,85,51,6,79,0.07058823529411765,0.9803921568627451,0.9294117647058824,9.473529411764705,non-overlapping daily forecast anchors and disjoint run extraction
test_daily,DLinear,threshold_sweep,empty,0.3,2.0,92,51,10,82,0.10869565217391304,0.9607843137254902,0.8913043478260869,7.9103260869565215,non-overlapping daily forecast anchors and disjoint run extraction
test_daily,DLinear,threshold_sweep,empty,0.325,2.0,106,51,11,95,0.10377358490566038,0.9411764705882353,0.8962264150943396,5.714622641509434,non-overlapping daily forecast anchors and disjoint run extraction
test_daily,DLinear,threshold_sweep,empty,0.35,2.0,86,51,11,75,0.12790697674418605,0.8235294117647058,0.872093023255814,5.229651162790698,non-overlapping daily forecast anchors and disjoint run extraction
test_daily,DLinear,threshold_sweep,empty,0.375,2.0,67,51,13,54,0.19402985074626866,0.7647058823529411,0.8059701492537313,5.492537313432836,non-overlapping daily forecast anchors and disjoint run extraction
test_daily,DLinear,threshold_sweep,empty,0.4,2.0,56,51,14,42,0.25,0.7647058823529411,0.75,5.915178571428571,non-overlapping daily forecast anchors and disjoint run extraction
test_daily,DLinear,threshold_sweep,empty,0.425,2.0,51,51,15,36,0.29411764705882354,0.7647058823529411,0.7058823529411765,6.049019607843137,non-overlapping daily forecast anchors and disjoint run extraction
test_daily,DLinear,threshold_sweep,empty,0.45,2.0,49,51,18,31,0.3673469387755102,0.7450980392156863,0.6326530612244898,6.01530612244898,non-overlapping daily forecast anchors and disjoint run extraction
test_daily,DLinear,threshold_sweep,empty,0.475,2.0,48,51,20,28,0.4166666666666667,0.7254901960784313,0.5833333333333334,5.90625,non-overlapping daily forecast anchors and disjoint run extraction
test_daily,DLinear,threshold_sweep,empty,0.5,2.0,46,51,19,27,0.41304347826086957,0.6862745098039216,0.5869565217391305,5.885869565217392,non-overlapping daily forecast anchors and disjoint run extraction
test_daily,DLinear,threshold_sweep,empty,0.525,2.0,46,51,19,27,0.41304347826086957,0.6862745098039216,0.5869565217391305,5.581521739130435,non-overlapping daily forecast anchors and disjoint run extraction
test_daily,DLinear,threshold_sweep,empty,0.55,2.0,46,51,18,28,0.391304347826087,0.6666666666666666,0.6086956521739131,5.353260869565218,non-overlapping daily forecast anchors and disjoint run extraction
test_daily,DLinear,threshold_sweep,empty,0.575,2.0,43,51,19,24,0.4418604651162791,0.6470588235294118,0.5581395348837209,5.366279069767442,non-overlapping daily forecast anchors and disjoint run extraction
test_daily,DLinear,threshold_sweep,empty,0.6,2.0,38,51,20,18,0.5263157894736842,0.6274509803921569,0.47368421052631576,5.6381578947368425,non-overlapping daily forecast anchors and disjoint run extraction
test_daily,DLinear,threshold_sweep,empty,0.625,2.0,38,51,20,18,0.5263157894736842,0.6274509803921569,0.47368421052631576,5.401315789473684,non-overlapping daily forecast anchors and disjoint run extraction
test_daily,DLinear,threshold_sweep,empty,0.65,2.0,36,51,19,17,0.5277777777777778,0.6078431372549019,0.4722222222222222,5.215277777777778,non-overlapping daily forecast anchors and disjoint run extraction
test_daily,DLinear,threshold_sweep,empty,0.675,2.0,31,51,16,15,0.5161290322580645,0.5098039215686274,0.4838709677419355,5.17741935483871,non-overlapping daily forecast anchors and disjoint run extraction
test_daily,DLinear,threshold_sweep,empty,0.7,2.0,20,51,11,9,0.55,0.3137254901960784,0.45,5.95,non-overlapping daily forecast anchors and disjoint run extraction
test_daily,DLinear,threshold_sweep,empty,0.725,2.0,16,51,8,8,0.5,0.23529411764705882,0.5,6.046875,non-overlapping daily forecast anchors and disjoint run extraction
test_daily,DLinear,threshold_sweep,empty,0.75,2.0,10,51,4,6,0.4,0.1568627450980392,0.6,8.075,non-overlapping daily forecast anchors and disjoint run extraction
test_daily,DLinear,threshold_sweep,empty,0.775,2.0,7,51,3,4,0.42857142857142855,0.13725490196078433,0.5714285714285714,9.785714285714286,non-overlapping daily forecast anchors and disjoint run extraction
test_daily,DLinear,threshold_sweep,empty,0.8,2.0,7,51,3,4,0.42857142857142855,0.13725490196078433,0.5714285714285714,9.357142857142858,non-overlapping daily forecast anchors and disjoint run extraction
test_daily,DLinear,threshold_sweep,empty,0.825,2.0,8,51,4,4,0.5,0.13725490196078433,0.5,7.8125,non-overlapping daily forecast anchors and disjoint run extraction
test_daily,DLinear,threshold_sweep,empty,0.85,2.0,7,51,3,4,0.42857142857142855,0.13725490196078433,0.5714285714285714,6.178571428571429,non-overlapping daily forecast anchors and disjoint run extraction
test_daily,DLinear,threshold_sweep,empty,0.875,2.0,7,51,3,4,0.42857142857142855,0.13725490196078433,0.5714285714285714,5.535714285714286,non-overlapping daily forecast anchors and disjoint run extraction
test_daily,DLinear,threshold_sweep,empty,0.9,2.0,6,51,2,4,0.3333333333333333,0.11764705882352941,0.6666666666666666,4.791666666666667,non-overlapping daily forecast anchors and disjoint run extraction
test_daily,DLinear,threshold_sweep,empty,0.925,2.0,6,51,2,4,0.3333333333333333,0.11764705882352941,0.6666666666666666,3.7916666666666665,non-overlapping daily forecast anchors and disjoint run extraction
test_daily,DLinear,threshold_sweep,empty,0.95,2.0,2,51,1,1,0.5,0.0392156862745098,0.5,2.25,non-overlapping daily forecast anchors and disjoint run extraction
test_daily,DLinear,threshold_sweep,empty,0.05,4.0,43,22,0,43,0.0,1.0,1.0,23.732558139534884,non-overlapping daily forecast anchors and disjoint run extraction
test_daily,DLinear,threshold_sweep,empty,0.075,4.0,43,22,0,43,0.0,1.0,1.0,23.261627906976745,non-overlapping daily forecast anchors and disjoint run extraction
test_daily,DLinear,threshold_sweep,empty,0.1,4.0,43,22,0,43,0.0,1.0,1.0,22.96511627906977,non-overlapping daily forecast anchors and disjoint run extraction
test_daily,DLinear,threshold_sweep,empty,0.125,4.0,45,22,0,45,0.0,1.0,1.0,21.738888888888887,non-overlapping daily forecast anchors and disjoint run extraction
test_daily,DLinear,threshold_sweep,empty,0.15,4.0,47,22,0,47,0.0,1.0,1.0,20.606382978723403,non-overlapping daily forecast anchors and disjoint run extraction
test_daily,DLinear,threshold_sweep,empty,0.175,4.0,46,22,0,46,0.0,1.0,1.0,20.72826086956522,non-overlapping daily forecast anchors and disjoint run extraction
test_daily,DLinear,threshold_sweep,empty,0.2,4.0,46,22,0,46,0.0,1.0,1.0,20.380434782608695,non-overlapping daily forecast anchors and disjoint run extraction
test_daily,DLinear,threshold_sweep,empty,0.225,4.0,46,22,0,46,0.0,1.0,1.0,19.690217391304348,non-overlapping daily forecast anchors and disjoint run extraction
test_daily,DLinear,threshold_sweep,empty,0.25,4.0,51,22,0,51,0.0,1.0,1.0,17.235294117647058,non-overlapping daily forecast anchors and disjoint run extraction
test_daily,DLinear,threshold_sweep,empty,0.275,4.0,68,22,6,62,0.08823529411764706,0.9545454545454546,0.9117647058823529,11.132352941176471,non-overlapping daily forecast anchors and disjoint run extraction
test_daily,DLinear,threshold_sweep,empty,0.3,4.0,69,22,8,61,0.11594202898550725,0.9545454545454546,0.8840579710144928,9.579710144927537,non-overlapping daily forecast anchors and disjoint run extraction
test_daily,DLinear,threshold_sweep,empty,0.325,4.0,67,22,7,60,0.1044776119402985,0.7727272727272727,0.8955223880597015,7.317164179104478,non-overlapping daily forecast anchors and disjoint run extraction
test_daily,DLinear,threshold_sweep,empty,0.35,4.0,27,22,6,21,0.2222222222222222,0.6818181818181818,0.7777777777777778,10.13888888888889,non-overlapping daily forecast anchors and disjoint run extraction
test_daily,DLinear,threshold_sweep,empty,0.375,4.0,20,22,6,14,0.3,0.6363636363636364,0.7,11.65,non-overlapping daily forecast anchors and disjoint run extraction
test_daily,DLinear,threshold_sweep,empty,0.4,4.0,20,22,6,14,0.3,0.6363636363636364,0.7,11.575,non-overlapping daily forecast anchors and disjoint run extraction
test_daily,DLinear,threshold_sweep,empty,0.425,4.0,20,22,6,14,0.3,0.6363636363636364,0.7,11.125,non-overlapping daily forecast anchors and disjoint run extraction
test_daily,DLinear,threshold_sweep,empty,0.45,4.0,18,22,6,12,0.3333333333333333,0.6363636363636364,0.6666666666666666,11.666666666666666,non-overlapping daily forecast anchors and disjoint run extraction
test_daily,DLinear,threshold_sweep,empty,0.475,4.0,18,22,6,12,0.3333333333333333,0.6363636363636364,0.6666666666666666,11.26388888888889,non-overlapping daily forecast anchors and disjoint run extraction
test_daily,DLinear,threshold_sweep,empty,0.5,4.0,19,22,6,13,0.3157894736842105,0.6363636363636364,0.6842105263157895,10.328947368421053,non-overlapping daily forecast anchors and disjoint run extraction
test_daily,DLinear,threshold_sweep,empty,0.525,4.0,17,22,6,11,0.35294117647058826,0.5909090909090909,0.6470588235294118,10.632352941176471,non-overlapping daily forecast anchors and disjoint run extraction
test_daily,DLinear,threshold_sweep,empty,0.55,4.0,18,22,6,12,0.3333333333333333,0.5909090909090909,0.6666666666666666,9.76388888888889,non-overlapping daily forecast anchors and disjoint run extraction
test_daily,DLinear,threshold_sweep,empty,0.575,4.0,17,22,8,9,0.47058823529411764,0.5909090909090909,0.5294117647058824,9.867647058823529,non-overlapping daily forecast anchors and disjoint run extraction
test_daily,DLinear,threshold_sweep,empty,0.6,4.0,17,22,8,9,0.47058823529411764,0.5909090909090909,0.5294117647058824,9.735294117647058,non-overlapping daily forecast anchors and disjoint run extraction
test_daily,DLinear,threshold_sweep,empty,0.625,4.0,17,22,8,9,0.47058823529411764,0.5909090909090909,0.5294117647058824,9.25,non-overlapping daily forecast anchors and disjoint run extraction
test_daily,DLinear,threshold_sweep,empty,0.65,4.0,16,22,7,9,0.4375,0.5454545454545454,0.5625,8.90625,non-overlapping daily forecast anchors and disjoint run extraction
test_daily,DLinear,threshold_sweep,empty,0.675,4.0,14,22,7,7,0.5,0.5,0.5,8.803571428571429,non-overlapping daily forecast anchors and disjoint run extraction
test_daily,DLinear,threshold_sweep,empty,0.7,4.0,10,22,4,6,0.4,0.3181818181818182,0.6,9.575,non-overlapping daily forecast anchors and disjoint run extraction
test_daily,DLinear,threshold_sweep,empty,0.725,4.0,7,22,3,4,0.42857142857142855,0.2727272727272727,0.5714285714285714,10.857142857142858,non-overlapping daily forecast anchors and disjoint run extraction
test_daily,DLinear,threshold_sweep,empty,0.75,4.0,7,22,3,4,0.42857142857142855,0.2727272727272727,0.5714285714285714,10.678571428571429,non-overlapping daily forecast anchors and disjoint run extraction
test_daily,DLinear,threshold_sweep,empty,0.775,4.0,7,22,3,4,0.42857142857142855,0.2727272727272727,0.5714285714285714,9.785714285714286,non-overlapping daily forecast anchors and disjoint run extraction
test_daily,DLinear,threshold_sweep,empty,0.8,4.0,7,22,3,4,0.42857142857142855,0.2727272727272727,0.5714285714285714,9.357142857142858,non-overlapping daily forecast anchors and disjoint run extraction
test_daily,DLinear,threshold_sweep,empty,0.825,4.0,6,22,2,4,0.3333333333333333,0.22727272727272727,0.6666666666666666,9.416666666666666,non-overlapping daily forecast anchors and disjoint run extraction
test_daily,DLinear,threshold_sweep,empty,0.85,4.0,5,22,1,4,0.2,0.18181818181818182,0.8,7.15,non-overlapping daily forecast anchors and disjoint run extraction
test_daily,DLinear,threshold_sweep,empty,0.875,4.0,5,22,1,4,0.2,0.18181818181818182,0.8,6.5,non-overlapping daily forecast anchors and disjoint run extraction
test_daily,DLinear,threshold_sweep,empty,0.9,4.0,4,22,0,4,0.0,0.13636363636363635,1.0,5.5625,non-overlapping daily forecast anchors and disjoint run extraction
test_daily,DLinear,threshold_sweep,empty,0.925,4.0,3,22,0,3,0.0,0.13636363636363635,1.0,4.583333333333333,non-overlapping daily forecast anchors and disjoint run extraction
test_daily,DLinear,threshold_sweep,empty,0.95,4.0,0,22,0,0,0.0,0.0,0.0,0.0,non-overlapping daily forecast anchors and disjoint run extraction
test_daily,Transformer,threshold_sweep,empty,0.05,1.0,73,70,0,73,0.0,1.0,1.0,9.51027397260274,non-overlapping daily forecast anchors and disjoint run extraction
test_daily,Transformer,threshold_sweep,empty,0.075,1.0,73,70,0,73,0.0,0.9857142857142858,1.0,8.558219178082192,non-overlapping daily forecast anchors and disjoint run extraction
test_daily,Transformer,threshold_sweep,empty,0.1,1.0,74,70,0,74,0.0,0.9714285714285714,1.0,7.736486486486487,non-overlapping daily forecast anchors and disjoint run extraction
test_daily,Transformer,threshold_sweep,empty,0.125,1.0,56,70,0,56,0.0,0.9571428571428572,1.0,9.522321428571429,non-overlapping daily forecast anchors and disjoint run extraction
test_daily,Transformer,threshold_sweep,empty,0.15,1.0,48,70,0,48,0.0,0.9571428571428572,1.0,10.802083333333334,non-overlapping daily forecast anchors and disjoint run extraction
test_daily,Transformer,threshold_sweep,empty,0.175,1.0,48,70,0,48,0.0,0.9571428571428572,1.0,10.588541666666666,non-overlapping daily forecast anchors and disjoint run extraction
test_daily,Transformer,threshold_sweep,empty,0.2,1.0,46,70,0,46,0.0,0.9428571428571428,1.0,10.728260869565217,non-overlapping daily forecast anchors and disjoint run extraction
test_daily,Transformer,threshold_sweep,empty,0.225,1.0,49,70,0,49,0.0,0.9428571428571428,1.0,9.64795918367347,non-overlapping daily forecast anchors and disjoint run extraction
test_daily,Transformer,threshold_sweep,empty,0.25,1.0,53,70,4,49,0.07547169811320754,0.9285714285714286,0.9245283018867925,8.40566037735849,non-overlapping daily forecast anchors and disjoint run extraction
test_daily,Transformer,threshold_sweep,empty,0.275,1.0,51,70,3,48,0.058823529411764705,0.9142857142857143,0.9411764705882353,8.176470588235293,non-overlapping daily forecast anchors and disjoint run extraction
test_daily,Transformer,threshold_sweep,empty,0.3,1.0,47,70,0,47,0.0,0.8857142857142857,1.0,8.404255319148936,non-overlapping daily forecast anchors and disjoint run extraction
test_daily,Transformer,threshold_sweep,empty,0.325,1.0,45,70,0,45,0.0,0.8428571428571429,1.0,8.38888888888889,non-overlapping daily forecast anchors and disjoint run extraction
test_daily,Transformer,threshold_sweep,empty,0.35,1.0,46,70,2,44,0.043478260869565216,0.8285714285714286,0.9565217391304348,7.788043478260869,non-overlapping daily forecast anchors and disjoint run extraction
test_daily,Transformer,threshold_sweep,empty,0.375,1.0,45,70,3,42,0.06666666666666667,0.8142857142857143,0.9333333333333333,7.544444444444444,non-overlapping daily forecast anchors and disjoint run extraction
test_daily,Transformer,threshold_sweep,empty,0.4,1.0,45,70,4,41,0.08888888888888889,0.8142857142857143,0.9111111111111111,7.144444444444445,non-overlapping daily forecast anchors and disjoint run extraction
test_daily,Transformer,threshold_sweep,empty,0.425,1.0,45,70,6,39,0.13333333333333333,0.8142857142857143,0.8666666666666667,6.75,non-overlapping daily forecast anchors and disjoint run extraction
test_daily,Transformer,threshold_sweep,empty,0.45,1.0,45,70,9,36,0.2,0.7857142857142857,0.8,6.355555555555555,non-overlapping daily forecast anchors and disjoint run extraction
test_daily,Transformer,threshold_sweep,empty,0.475,1.0,40,70,8,32,0.2,0.6571428571428571,0.8,6.51875,non-overlapping daily forecast anchors and disjoint run extraction
test_daily,Transformer,threshold_sweep,empty,0.5,1.0,33,70,4,29,0.12121212121212122,0.5571428571428572,0.8787878787878788,7.151515151515151,non-overlapping daily forecast anchors and disjoint run extraction
test_daily,Transformer,threshold_sweep,empty,0.525,1.0,28,70,2,26,0.07142857142857142,0.5,0.9285714285714286,7.660714285714286,non-overlapping daily forecast anchors and disjoint run extraction
test_daily,Transformer,threshold_sweep,empty,0.55,1.0,21,70,2,19,0.09523809523809523,0.38571428571428573,0.9047619047619048,9.154761904761905,non-overlapping daily forecast anchors and disjoint run extraction
test_daily,Transformer,threshold_sweep,empty,0.575,1.0,18,70,3,15,0.16666666666666666,0.32857142857142857,0.8333333333333334,9.625,non-overlapping daily forecast anchors and disjoint run extraction
test_daily,Transformer,threshold_sweep,empty,0.6,1.0,15,70,3,12,0.2,0.3,0.8,10.766666666666667,non-overlapping daily forecast anchors and disjoint run extraction
test_daily,Transformer,threshold_sweep,empty,0.625,1.0,15,70,3,12,0.2,0.2714285714285714,0.8,10.35,non-overlapping daily forecast anchors and disjoint run extraction
test_daily,Transformer,threshold_sweep,empty,0.65,1.0,15,70,5,10,0.3333333333333333,0.2714285714285714,0.6666666666666666,9.733333333333333,non-overlapping daily forecast anchors and disjoint run extraction
test_daily,Transformer,threshold_sweep,empty,0.675,1.0,15,70,5,10,0.3333333333333333,0.2571428571428571,0.6666666666666666,9.033333333333333,non-overlapping daily forecast anchors and disjoint run extraction
test_daily,Transformer,threshold_sweep,empty,0.7,1.0,15,70,5,10,0.3333333333333333,0.24285714285714285,0.6666666666666666,8.25,non-overlapping daily forecast anchors and disjoint run extraction
test_daily,Transformer,threshold_sweep,empty,0.725,1.0,14,70,5,9,0.35714285714285715,0.24285714285714285,0.6428571428571429,7.857142857142857,non-overlapping daily forecast anchors and disjoint run extraction
test_daily,Transformer,threshold_sweep,empty,0.75,1.0,14,70,6,8,0.42857142857142855,0.22857142857142856,0.5714285714285714,6.892857142857143,non-overlapping daily forecast anchors and disjoint run extraction
test_daily,Transformer,threshold_sweep,empty,0.775,1.0,14,70,7,7,0.5,0.2,0.5,5.928571428571429,non-overlapping daily forecast anchors and disjoint run extraction
test_daily,Transformer,threshold_sweep,empty,0.8,1.0,14,70,7,7,0.5,0.2,0.5,5.0,non-overlapping daily forecast anchors and disjoint run extraction
test_daily,Transformer,threshold_sweep,empty,0.825,1.0,14,70,8,6,0.5714285714285714,0.2,0.42857142857142855,3.767857142857143,non-overlapping daily forecast anchors and disjoint run extraction
test_daily,Transformer,threshold_sweep,empty,0.85,1.0,8,70,6,2,0.75,0.11428571428571428,0.25,3.1875,non-overlapping daily forecast anchors and disjoint run extraction
test_daily,Transformer,threshold_sweep,empty,0.875,1.0,3,70,2,1,0.6666666666666666,0.04285714285714286,0.3333333333333333,4.333333333333333,non-overlapping daily forecast anchors and disjoint run extraction
test_daily,Transformer,threshold_sweep,empty,0.9,1.0,2,70,1,1,0.5,0.02857142857142857,0.5,3.875,non-overlapping daily forecast anchors and disjoint run extraction
test_daily,Transformer,threshold_sweep,empty,0.925,1.0,1,70,0,1,0.0,0.014285714285714285,1.0,3.5,non-overlapping daily forecast anchors and disjoint run extraction
test_daily,Transformer,threshold_sweep,empty,0.95,1.0,0,70,0,0,0.0,0.0,0.0,0.0,non-overlapping daily forecast anchors and disjoint run extraction
test_daily,Transformer,threshold_sweep,empty,0.05,2.0,73,51,0,73,0.0,1.0,1.0,9.51027397260274,non-overlapping daily forecast anchors and disjoint run extraction
test_daily,Transformer,threshold_sweep,empty,0.075,2.0,73,51,0,73,0.0,1.0,1.0,8.558219178082192,non-overlapping daily forecast anchors and disjoint run extraction
test_daily,Transformer,threshold_sweep,empty,0.1,2.0,51,51,0,51,0.0,1.0,1.0,10.588235294117647,non-overlapping daily forecast anchors and disjoint run extraction
test_daily,Transformer,threshold_sweep,empty,0.125,2.0,47,51,0,47,0.0,0.9803921568627451,1.0,11.127659574468085,non-overlapping daily forecast anchors and disjoint run extraction
test_daily,Transformer,threshold_sweep,empty,0.15,2.0,45,51,0,45,0.0,0.9803921568627451,1.0,11.422222222222222,non-overlapping daily forecast anchors and disjoint run extraction
test_daily,Transformer,threshold_sweep,empty,0.175,2.0,45,51,0,45,0.0,0.9803921568627451,1.0,11.216666666666667,non-overlapping daily forecast anchors and disjoint run extraction
test_daily,Transformer,threshold_sweep,empty,0.2,2.0,45,51,0,45,0.0,0.9803921568627451,1.0,10.944444444444445,non-overlapping daily forecast anchors and disjoint run extraction
test_daily,Transformer,threshold_sweep,empty,0.225,2.0,47,51,0,47,0.0,0.9803921568627451,1.0,9.98936170212766,non-overlapping daily forecast anchors and disjoint run extraction
test_daily,Transformer,threshold_sweep,empty,0.25,2.0,47,51,1,46,0.02127659574468085,0.9607843137254902,0.9787234042553191,9.308510638297872,non-overlapping daily forecast anchors and disjoint run extraction
test_daily,Transformer,threshold_sweep,empty,0.275,2.0,46,51,0,46,0.0,0.9607843137254902,1.0,8.934782608695652,non-overlapping daily forecast anchors and disjoint run extraction
test_daily,Transformer,threshold_sweep,empty,0.3,2.0,45,51,0,45,0.0,0.9411764705882353,1.0,8.722222222222221,non-overlapping daily forecast anchors and disjoint run extraction
test_daily,Transformer,threshold_sweep,empty,0.325,2.0,45,51,0,45,0.0,0.9019607843137255,1.0,8.38888888888889,non-overlapping daily forecast anchors and disjoint run extraction
test_daily,Transformer,threshold_sweep,empty,0.35,2.0,45,51,1,44,0.022222222222222223,0.8823529411764706,0.9777777777777777,7.933333333333334,non-overlapping daily forecast anchors and disjoint run extraction
test_daily,Transformer,threshold_sweep,empty,0.375,2.0,45,51,3,42,0.06666666666666667,0.8823529411764706,0.9333333333333333,7.544444444444444,non-overlapping daily forecast anchors and disjoint run extraction
test_daily,Transformer,threshold_sweep,empty,0.4,2.0,45,51,4,41,0.08888888888888889,0.8823529411764706,0.9111111111111111,7.144444444444445,non-overlapping daily forecast anchors and disjoint run extraction
test_daily,Transformer,threshold_sweep,empty,0.425,2.0,42,51,4,38,0.09523809523809523,0.8431372549019608,0.9047619047619048,7.119047619047619,non-overlapping daily forecast anchors and disjoint run extraction
test_daily,Transformer,threshold_sweep,empty,0.45,2.0,38,51,4,34,0.10526315789473684,0.7450980392156863,0.8947368421052632,7.282894736842105,non-overlapping daily forecast anchors and disjoint run extraction
test_daily,Transformer,threshold_sweep,empty,0.475,2.0,30,51,2,28,0.06666666666666667,0.6666666666666666,0.9333333333333333,8.208333333333334,non-overlapping daily forecast anchors and disjoint run extraction
test_daily,Transformer,threshold_sweep,empty,0.5,2.0,24,51,2,22,0.08333333333333333,0.5882352941176471,0.9166666666666666,9.25,non-overlapping daily forecast anchors and disjoint run extraction
test_daily,Transformer,threshold_sweep,empty,0.525,2.0,19,51,1,18,0.05263157894736842,0.49019607843137253,0.9473684210526315,10.657894736842104,non-overlapping daily forecast anchors and disjoint run extraction
test_daily,Transformer,threshold_sweep,empty,0.55,2.0,17,51,2,15,0.11764705882352941,0.45098039215686275,0.8823529411764706,11.0,non-overlapping daily forecast anchors and disjoint run extraction
test_daily,Transformer,threshold_sweep,empty,0.575,2.0,15,51,2,13,0.13333333333333333,0.39215686274509803,0.8666666666666667,11.3,non-overlapping daily forecast anchors and disjoint run extraction
test_daily,Transformer,threshold_sweep,empty,0.6,2.0,15,51,3,12,0.2,0.39215686274509803,0.8,10.766666666666667,non-overlapping daily forecast anchors and disjoint run extraction
test_daily,Transformer,threshold_sweep,empty,0.625,2.0,15,51,3,12,0.2,0.35294117647058826,0.8,10.35,non-overlapping daily forecast anchors and disjoint run extraction
test_daily,Transformer,threshold_sweep,empty,0.65,2.0,14,51,5,9,0.35714285714285715,0.35294117647058826,0.6428571428571429,10.303571428571429,non-overlapping daily forecast anchors and disjoint run extraction
test_daily,Transformer,threshold_sweep,empty,0.675,2.0,14,51,5,9,0.35714285714285715,0.3333333333333333,0.6428571428571429,9.571428571428571,non-overlapping daily forecast anchors and disjoint run extraction
test_daily,Transformer,threshold_sweep,empty,0.7,2.0,14,51,5,9,0.35714285714285715,0.3137254901960784,0.6428571428571429,8.767857142857142,non-overlapping daily forecast anchors and disjoint run extraction
test_daily,Transformer,threshold_sweep,empty,0.725,2.0,14,51,5,9,0.35714285714285715,0.3137254901960784,0.6428571428571429,7.857142857142857,non-overlapping daily forecast anchors and disjoint run extraction
test_daily,Transformer,threshold_sweep,empty,0.75,2.0,14,51,6,8,0.42857142857142855,0.3137254901960784,0.5714285714285714,6.892857142857143,non-overlapping daily forecast anchors and disjoint run extraction
test_daily,Transformer,threshold_sweep,empty,0.775,2.0,14,51,7,7,0.5,0.27450980392156865,0.5,5.928571428571429,non-overlapping daily forecast anchors and disjoint run extraction
test_daily,Transformer,threshold_sweep,empty,0.8,2.0,14,51,7,7,0.5,0.27450980392156865,0.5,5.0,non-overlapping daily forecast anchors and disjoint run extraction
test_daily,Transformer,threshold_sweep,empty,0.825,2.0,14,51,8,6,0.5714285714285714,0.27450980392156865,0.42857142857142855,3.767857142857143,non-overlapping daily forecast anchors and disjoint run extraction
test_daily,Transformer,threshold_sweep,empty,0.85,2.0,4,51,2,2,0.5,0.0784313725490196,0.5,4.9375,non-overlapping daily forecast anchors and disjoint run extraction
test_daily,Transformer,threshold_sweep,empty,0.875,2.0,3,51,2,1,0.6666666666666666,0.058823529411764705,0.3333333333333333,4.333333333333333,non-overlapping daily forecast anchors and disjoint run extraction
test_daily,Transformer,threshold_sweep,empty,0.9,2.0,2,51,1,1,0.5,0.0392156862745098,0.5,3.875,non-overlapping daily forecast anchors and disjoint run extraction
test_daily,Transformer,threshold_sweep,empty,0.925,2.0,1,51,0,1,0.0,0.0196078431372549,1.0,3.5,non-overlapping daily forecast anchors and disjoint run extraction
test_daily,Transformer,threshold_sweep,empty,0.95,2.0,0,51,0,0,0.0,0.0,0.0,0.0,non-overlapping daily forecast anchors and disjoint run extraction
test_daily,Transformer,threshold_sweep,empty,0.05,4.0,67,22,0,67,0.0,1.0,1.0,10.048507462686567,non-overlapping daily forecast anchors and disjoint run extraction
test_daily,Transformer,threshold_sweep,empty,0.075,4.0,52,22,0,52,0.0,1.0,1.0,10.985576923076923,non-overlapping daily forecast anchors and disjoint run extraction
test_daily,Transformer,threshold_sweep,empty,0.1,4.0,45,22,0,45,0.0,1.0,1.0,11.644444444444444,non-overlapping daily forecast anchors and disjoint run extraction
test_daily,Transformer,threshold_sweep,empty,0.125,4.0,45,22,0,45,0.0,1.0,1.0,11.522222222222222,non-overlapping daily forecast anchors and disjoint run extraction
test_daily,Transformer,threshold_sweep,empty,0.15,4.0,45,22,0,45,0.0,1.0,1.0,11.422222222222222,non-overlapping daily forecast anchors and disjoint run extraction
test_daily,Transformer,threshold_sweep,empty,0.175,4.0,45,22,0,45,0.0,1.0,1.0,11.216666666666667,non-overlapping daily forecast anchors and disjoint run extraction
test_daily,Transformer,threshold_sweep,empty,0.2,4.0,45,22,0,45,0.0,1.0,1.0,10.944444444444445,non-overlapping daily forecast anchors and disjoint run extraction
test_daily,Transformer,threshold_sweep,empty,0.225,4.0,45,22,0,45,0.0,1.0,1.0,10.344444444444445,non-overlapping daily forecast anchors and disjoint run extraction
test_daily,Transformer,threshold_sweep,empty,0.25,4.0,45,22,0,45,0.0,1.0,1.0,9.627777777777778,non-overlapping daily forecast anchors and disjoint run extraction
test_daily,Transformer,threshold_sweep,empty,0.275,4.0,45,22,0,45,0.0,1.0,1.0,9.088888888888889,non-overlapping daily forecast anchors and disjoint run extraction
test_daily,Transformer,threshold_sweep,empty,0.3,4.0,43,22,0,43,0.0,0.9090909090909091,1.0,8.953488372093023,non-overlapping daily forecast anchors and disjoint run extraction
test_daily,Transformer,threshold_sweep,empty,0.325,4.0,38,22,0,38,0.0,0.8181818181818182,1.0,9.282894736842104,non-overlapping daily forecast anchors and disjoint run extraction
test_daily,Transformer,threshold_sweep,empty,0.35,4.0,32,22,0,32,0.0,0.8181818181818182,1.0,9.7734375,non-overlapping daily forecast anchors and disjoint run extraction
test_daily,Transformer,threshold_sweep,empty,0.375,4.0,29,22,0,29,0.0,0.8181818181818182,1.0,9.991379310344827,non-overlapping daily forecast anchors and disjoint run extraction
test_daily,Transformer,threshold_sweep,empty,0.4,4.0,21,22,0,21,0.0,0.7727272727272727,1.0,11.845238095238095,non-overlapping daily forecast anchors and disjoint run extraction
test_daily,Transformer,threshold_sweep,empty,0.425,4.0,18,22,0,18,0.0,0.7727272727272727,1.0,12.819444444444445,non-overlapping daily forecast anchors and disjoint run extraction
test_daily,Transformer,threshold_sweep,empty,0.45,4.0,16,22,0,16,0.0,0.7272727272727273,1.0,13.546875,non-overlapping daily forecast anchors and disjoint run extraction
test_daily,Transformer,threshold_sweep,empty,0.475,4.0,15,22,0,15,0.0,0.7272727272727273,1.0,13.75,non-overlapping daily forecast anchors and disjoint run extraction
test_daily,Transformer,threshold_sweep,empty,0.5,4.0,14,22,0,14,0.0,0.7272727272727273,1.0,13.982142857142858,non-overlapping daily forecast anchors and disjoint run extraction
test_daily,Transformer,threshold_sweep,empty,0.525,4.0,14,22,0,14,0.0,0.7272727272727273,1.0,13.553571428571429,non-overlapping daily forecast anchors and disjoint run extraction
test_daily,Transformer,threshold_sweep,empty,0.55,4.0,14,22,1,13,0.07142857142857142,0.7272727272727273,0.9285714285714286,12.839285714285714,non-overlapping daily forecast anchors and disjoint run extraction
test_daily,Transformer,threshold_sweep,empty,0.575,4.0,14,22,2,12,0.14285714285714285,0.7272727272727273,0.8571428571428571,11.928571428571429,non-overlapping daily forecast anchors and disjoint run extraction
test_daily,Transformer,threshold_sweep,empty,0.6,4.0,14,22,3,11,0.21428571428571427,0.7272727272727273,0.7857142857142857,11.375,non-overlapping daily forecast anchors and disjoint run extraction
test_daily,Transformer,threshold_sweep,empty,0.625,4.0,14,22,3,11,0.21428571428571427,0.7272727272727273,0.7857142857142857,10.946428571428571,non-overlapping daily forecast anchors and disjoint run extraction
test_daily,Transformer,threshold_sweep,empty,0.65,4.0,14,22,5,9,0.35714285714285715,0.7272727272727273,0.6428571428571429,10.303571428571429,non-overlapping daily forecast anchors and disjoint run extraction
test_daily,Transformer,threshold_sweep,empty,0.675,4.0,14,22,5,9,0.35714285714285715,0.6818181818181818,0.6428571428571429,9.571428571428571,non-overlapping daily forecast anchors and disjoint run extraction
test_daily,Transformer,threshold_sweep,empty,0.7,4.0,14,22,5,9,0.35714285714285715,0.6818181818181818,0.6428571428571429,8.767857142857142,non-overlapping daily forecast anchors and disjoint run extraction
test_daily,Transformer,threshold_sweep,empty,0.725,4.0,14,22,5,9,0.35714285714285715,0.6818181818181818,0.6428571428571429,7.857142857142857,non-overlapping daily forecast anchors and disjoint run extraction
test_daily,Transformer,threshold_sweep,empty,0.75,4.0,14,22,6,8,0.42857142857142855,0.6818181818181818,0.5714285714285714,6.892857142857143,non-overlapping daily forecast anchors and disjoint run extraction
test_daily,Transformer,threshold_sweep,empty,0.775,4.0,14,22,7,7,0.5,0.6363636363636364,0.5,5.928571428571429,non-overlapping daily forecast anchors and disjoint run extraction
test_daily,Transformer,threshold_sweep,empty,0.8,4.0,13,22,6,7,0.46153846153846156,0.5909090909090909,0.5384615384615384,5.096153846153846,non-overlapping daily forecast anchors and disjoint run extraction
test_daily,Transformer,threshold_sweep,empty,0.825,4.0,4,22,1,3,0.25,0.18181818181818182,0.75,5.9375,non-overlapping daily forecast anchors and disjoint run extraction
test_daily,Transformer,threshold_sweep,empty,0.85,4.0,3,22,1,2,0.3333333333333333,0.13636363636363635,0.6666666666666666,5.333333333333333,non-overlapping daily forecast anchors and disjoint run extraction
test_daily,Transformer,threshold_sweep,empty,0.875,4.0,2,22,1,1,0.5,0.09090909090909091,0.5,4.75,non-overlapping daily forecast anchors and disjoint run extraction
test_daily,Transformer,threshold_sweep,empty,0.9,4.0,1,22,0,1,0.0,0.045454545454545456,1.0,4.75,non-overlapping daily forecast anchors and disjoint run extraction
test_daily,Transformer,threshold_sweep,empty,0.925,4.0,0,22,0,0,0.0,0.0,0.0,0.0,non-overlapping daily forecast anchors and disjoint run extraction
test_daily,Transformer,threshold_sweep,empty,0.95,4.0,0,22,0,0,0.0,0.0,0.0,0.0,non-overlapping daily forecast anchors and disjoint run extraction
