split,model,risk_delta,selected_threshold,minimum_window_steps,minimum_window_hours,daily_schedules,total_intervals,recommended_intervals,safe_intervals,conflict_intervals,recommendation_coverage,occupancy_conflict_rate,empty_recall,gross_opportunity_kwh,safe_opportunity_kwh,conflict_opportunity_kwh,opportunity_per_day_kwh,pareto_efficient
validation_midnight_daily_forecasts,Historical Average,,0.05,4,1.0,39,3744,2581,879,1702,0.6893696581196581,0.6594343277799303,0.8093922651933702,5960.8748837595,1466.10600964475,4494.76887411475,37.59246178576282,True
validation_midnight_daily_forecasts,Historical Average,,0.075,4,1.0,39,3744,2285,858,1427,0.6103098290598291,0.624507658643326,0.7900552486187845,5081.996647451249,1433.6151818245,3648.38146562675,36.75936363652564,True
validation_midnight_daily_forecasts,Historical Average,,0.1,4,1.0,39,3744,2245,850,1395,0.5996260683760684,0.621380846325167,0.7826887661141805,4982.609814746749,1422.86587136825,3559.7439433785003,36.48374029149359,True
validation_midnight_daily_forecasts,Historical Average,,0.125,4,1.0,39,3744,1894,834,1060,0.5058760683760684,0.5596620908130939,0.7679558011049724,4126.5704009397505,1409.8731700067501,2716.697230933,36.15059410273718,True
validation_midnight_daily_forecasts,Historical Average,,0.15,4,1.0,39,3744,1745,830,915,0.46607905982905984,0.5243553008595988,0.7642725598526704,3735.7920881730006,1394.7332444102499,2341.0588437627503,35.7623908823141,True
validation_midnight_daily_forecasts,Historical Average,,0.175,4,1.0,39,3744,1740,827,913,0.46474358974358976,0.524712643678161,0.7615101289134438,3718.521635557,1383.4695973492499,2335.0520382077502,35.47357941921153,False
validation_midnight_daily_forecasts,Historical Average,,0.2,4,1.0,39,3744,1645,816,829,0.4393696581196581,0.503951367781155,0.7513812154696132,3518.22710476775,1377.6260127905002,2140.60109197725,35.32374391770514,True
validation_midnight_daily_forecasts,Historical Average,,0.225,4,1.0,39,3744,1639,813,826,0.437767094017094,0.5039658328248933,0.7486187845303868,3492.3556474102497,1362.0882776555,2130.26736975475,34.92534045270513,False
validation_midnight_daily_forecasts,Historical Average,,0.25,4,1.0,39,3744,1639,813,826,0.437767094017094,0.5039658328248933,0.7486187845303868,3492.3556474102497,1362.0882776555,2130.26736975475,34.92534045270513,False
validation_midnight_daily_forecasts,Historical Average,,0.275,4,1.0,39,3744,1628,810,818,0.43482905982905984,0.5024570024570024,0.7458563535911602,3466.7410114315,1358.1925084255,2108.548503006,34.825448933987175,True
validation_midnight_daily_forecasts,Historical Average,,0.3,4,1.0,39,3744,1604,806,798,0.4284188034188034,0.4975062344139651,0.7421731123388582,3414.8967520045,1357.9925084255,2056.9042435789997,34.820320728858974,True
validation_midnight_daily_forecasts,Historical Average,,0.325,4,1.0,39,3744,1604,806,798,0.4284188034188034,0.4975062344139651,0.7421731123388582,3414.8967520045,1357.9925084255,2056.9042435789997,34.820320728858974,False
validation_midnight_daily_forecasts,Historical Average,,0.35,4,1.0,39,3744,1466,768,698,0.39155982905982906,0.4761255115961801,0.7071823204419889,3112.9347685062503,1303.1292849239999,1809.80548358225,33.41357140830769,True
validation_midnight_daily_forecasts,Historical Average,,0.375,4,1.0,39,3744,1352,742,610,0.3611111111111111,0.4511834319526627,0.6832412523020258,2834.5310332649997,1261.6662150475,1572.8648182175,32.35041577044871,True
validation_midnight_daily_forecasts,Historical Average,,0.4,4,1.0,39,3744,1352,742,610,0.3611111111111111,0.4511834319526627,0.6832412523020258,2834.5310332649997,1261.6662150475,1572.8648182175,32.35041577044871,False
validation_midnight_daily_forecasts,Historical Average,,0.425,4,1.0,39,3744,1282,737,545,0.3424145299145299,0.4251170046801872,0.6786372007366482,2660.51900696225,1256.438853937,1404.08015302525,32.216380870179485,True
validation_midnight_daily_forecasts,Historical Average,,0.45,4,1.0,39,3744,1210,703,507,0.3231837606837607,0.4190082644628099,0.647329650092081,2486.80477800925,1190.0277614532502,1296.777016556,30.51353234495513,True
validation_midnight_daily_forecasts,Historical Average,,0.475,4,1.0,39,3744,1210,703,507,0.3231837606837607,0.4190082644628099,0.647329650092081,2486.80477800925,1190.0277614532502,1296.777016556,30.51353234495513,False
validation_midnight_daily_forecasts,Historical Average,,0.5,4,1.0,39,3744,1062,649,413,0.28365384615384615,0.3888888888888889,0.5976058931860037,2106.5634733264997,1095.42008765175,1011.1433856747501,28.087694555173076,True
validation_midnight_daily_forecasts,Historical Average,,0.525,4,1.0,39,3744,1000,638,362,0.2670940170940171,0.362,0.5874769797421732,1939.91738145725,1068.3941428932499,871.5232385639999,27.394721612647434,True
validation_midnight_daily_forecasts,Historical Average,,0.55,4,1.0,39,3744,995,637,358,0.265758547008547,0.3597989949748744,0.5865561694290976,1931.06636756825,1068.36914289325,862.697224675,27.39408058700641,True
validation_midnight_daily_forecasts,Historical Average,,0.575,4,1.0,39,3744,891,604,287,0.23798076923076922,0.3221099887766554,0.5561694290976059,1694.474394537,1026.38289923175,668.09149530525,26.317510236711534,True
validation_midnight_daily_forecasts,Historical Average,,0.6,4,1.0,39,3744,851,593,258,0.22729700854700854,0.30317273795534666,0.5460405156537753,1614.723691407,1007.010874109,607.712817298,25.820791643820513,True
validation_midnight_daily_forecasts,Historical Average,,0.625,4,1.0,39,3744,851,593,258,0.22729700854700854,0.30317273795534666,0.5460405156537753,1614.723691407,1007.010874109,607.712817298,25.820791643820513,False
validation_midnight_daily_forecasts,Historical Average,,0.65,4,1.0,39,3744,772,568,204,0.20619658119658119,0.26424870466321243,0.5230202578268877,1470.887709911,976.95443134425,493.93327856675,25.050113624211537,True
validation_midnight_daily_forecasts,Historical Average,,0.675,4,1.0,39,3744,733,547,186,0.19577991452991453,0.25375170532060026,0.503683241252302,1395.766413521,948.47639249825,447.29002102274995,24.31990749995513,True
validation_midnight_daily_forecasts,Historical Average,,0.7,4,1.0,39,3744,703,534,169,0.18776709401709402,0.24039829302987198,0.49171270718232046,1335.58155748425,924.9346901532499,410.64686733099995,23.716274106493586,True
validation_midnight_daily_forecasts,Historical Average,,0.725,4,1.0,39,3744,606,490,116,0.16185897435897437,0.19141914191419143,0.45119705340699817,1169.0208375355,852.0040963915001,317.016741144,21.846258881833336,True
validation_midnight_daily_forecasts,Historical Average,,0.75,4,1.0,39,3744,524,441,83,0.13995726495726496,0.15839694656488548,0.40607734806629836,927.40688379225,725.56200623225,201.84487756000001,18.60415400595513,True
validation_midnight_daily_forecasts,Historical Average,,0.775,4,1.0,39,3744,524,441,83,0.13995726495726496,0.15839694656488548,0.40607734806629836,927.40688379225,725.56200623225,201.84487756000001,18.60415400595513,False
validation_midnight_daily_forecasts,Historical Average,,0.8,4,1.0,39,3744,422,358,64,0.11271367521367522,0.15165876777251186,0.3296500920810313,733.7477563277499,580.48164612525,153.26611020250002,14.884144772442308,True
validation_midnight_daily_forecasts,Historical Average,,0.825,4,1.0,39,3744,332,289,43,0.08867521367521368,0.12951807228915663,0.26611418047882135,558.5286800035001,461.23712623575,97.29155376775,11.826592980403847,True
validation_midnight_daily_forecasts,Historical Average,,0.85,4,1.0,39,3744,332,289,43,0.08867521367521368,0.12951807228915663,0.26611418047882135,558.5286800035001,461.23712623575,97.29155376775,11.826592980403847,False
validation_midnight_daily_forecasts,Historical Average,,0.875,4,1.0,39,3744,285,247,38,0.07612179487179487,0.13333333333333333,0.2274401473296501,466.9037713785,382.10109222375,84.80267915475,9.797463903173078,False
validation_midnight_daily_forecasts,Historical Average,,0.9,4,1.0,39,3744,158,142,16,0.042200854700854704,0.10126582278481013,0.13075506445672191,273.01432440049996,238.80844493774998,34.205879462750005,6.123293459942308,True
validation_midnight_daily_forecasts,Historical Average,,0.925,4,1.0,39,3744,158,142,16,0.042200854700854704,0.10126582278481013,0.13075506445672191,273.01432440049996,238.80844493774998,34.205879462750005,6.123293459942308,False
validation_midnight_daily_forecasts,Historical Average,,0.95,4,1.0,39,3744,60,55,5,0.016025641025641024,0.08333333333333333,0.05064456721915286,94.631403989,88.336627204,6.294776785,2.265041723179487,True
validation_midnight_daily_forecasts,LightGBM,,0.05,4,1.0,39,3744,2539,949,1590,0.6781517094017094,0.6262307995273729,0.8738489871086557,5730.022492055,1564.0978364522502,4165.92465560275,40.10507272954488,True
validation_midnight_daily_forecasts,LightGBM,,0.075,4,1.0,39,3744,2343,929,1414,0.625801282051282,0.6034997865983781,0.8554327808471455,5282.97647841975,1522.4819312105,3760.49454720925,39.03799823616667,True
validation_midnight_daily_forecasts,LightGBM,,0.1,4,1.0,39,3744,2157,917,1240,0.5761217948717948,0.5748725081131201,0.8443830570902394,4780.32646940975,1492.1644257154999,3288.1620436942503,38.26062630039743,True
validation_midnight_daily_forecasts,LightGBM,,0.125,4,1.0,39,3744,1944,899,1045,0.5192307692307693,0.5375514403292181,0.8278084714548803,4232.41637471475,1485.727149191,2746.68922552375,38.09556792797436,True
validation_midnight_daily_forecasts,LightGBM,,0.15,4,1.0,39,3744,1823,891,932,0.48691239316239315,0.5112452002194185,0.8204419889502762,3927.46522015775,1479.83742039025,2447.6277997674997,37.944549240775636,True
validation_midnight_daily_forecasts,LightGBM,,0.175,4,1.0,39,3744,1723,869,854,0.46020299145299143,0.4956471271038886,0.8001841620626151,3697.4692165595,1449.5365312797499,2247.93268527975,37.16760336614743,True
validation_midnight_daily_forecasts,LightGBM,,0.2,4,1.0,39,3744,1628,859,769,0.43482905982905984,0.47235872235872234,0.7909760589318601,3481.8175717439995,1433.0857168805,2048.7318548635,36.74578761232051,True
validation_midnight_daily_forecasts,LightGBM,,0.225,4,1.0,39,3744,1550,845,705,0.41399572649572647,0.45483870967741935,0.7780847145488029,3276.458796832,1426.1695446025,1850.2892522295,36.568449861602566,True
validation_midnight_daily_forecasts,LightGBM,,0.25,4,1.0,39,3744,1505,838,667,0.40197649572649574,0.44318936877076415,0.7716390423572744,3167.3657009725002,1419.4627682872501,1747.90293268525,36.39648123813462,True
validation_midnight_daily_forecasts,LightGBM,,0.275,4,1.0,39,3744,1453,833,620,0.38808760683760685,0.4267033723331039,0.7670349907918969,2998.7272814447497,1408.4925170605,1590.23476438425,36.11519274514102,True
validation_midnight_daily_forecasts,LightGBM,,0.3,4,1.0,39,3744,1414,823,591,0.37767094017094016,0.41796322489391796,0.7578268876611418,2888.5983464665,1390.867595233,1497.7307512335,35.663271672641024,True
validation_midnight_daily_forecasts,LightGBM,,0.325,4,1.0,39,3744,1380,810,570,0.3685897435897436,0.41304347826086957,0.7458563535911602,2817.409425114,1381.46746365325,1435.94196146075,35.42224265777564,True
validation_midnight_daily_forecasts,LightGBM,,0.35,4,1.0,39,3744,1357,801,556,0.3624465811965812,0.4097273397199705,0.7375690607734806,2755.0830825987496,1366.654242161,1388.42884043775,35.04241646566667,True
validation_midnight_daily_forecasts,LightGBM,,0.375,4,1.0,39,3744,1322,791,531,0.3530982905982906,0.4016641452344932,0.7283609576427256,2702.8949910164997,1357.9633618354999,1344.931629181,34.819573380397436,True
validation_midnight_daily_forecasts,LightGBM,,0.4,4,1.0,39,3744,1285,780,505,0.34321581196581197,0.39299610894941633,0.7182320441988951,2613.6466037265,1331.1007149317502,1282.54588879475,34.130787562352566,True
validation_midnight_daily_forecasts,LightGBM,,0.425,4,1.0,39,3744,1227,753,474,0.327724358974359,0.3863080684596577,0.6933701657458563,2519.82867383325,1307.7924429597501,1212.0362308735002,33.53313956307051,True
validation_midnight_daily_forecasts,LightGBM,,0.45,4,1.0,39,3744,1189,738,451,0.3175747863247863,0.3793103448275862,0.6795580110497238,2422.9592206132497,1289.08427955975,1133.8749410535002,33.05344306563462,True
validation_midnight_daily_forecasts,LightGBM,,0.475,4,1.0,39,3744,1149,723,426,0.30689102564102566,0.370757180156658,0.6657458563535912,2330.08076335125,1253.03844129875,1077.0423220525,32.12919080253205,True
validation_midnight_daily_forecasts,LightGBM,,0.5,4,1.0,39,3744,1112,719,393,0.297008547008547,0.3534172661870504,0.6620626151012892,2277.367853899,1242.476965108,1034.890888791,31.85838372071795,True
validation_midnight_daily_forecasts,LightGBM,,0.525,4,1.0,39,3744,1092,707,385,0.2916666666666667,0.3525641025641026,0.651012891344383,2249.3691158764996,1223.21148523,1026.1576306465001,31.36439705717949,True
validation_midnight_daily_forecasts,LightGBM,,0.55,4,1.0,39,3744,1056,694,362,0.28205128205128205,0.3428030303030303,0.6390423572744015,2158.2015902085004,1197.10186618225,961.09972402625,30.694919645698718,True
validation_midnight_daily_forecasts,LightGBM,,0.575,4,1.0,39,3744,1029,680,349,0.2748397435897436,0.3391642371234208,0.6261510128913443,2088.76890251225,1165.99030878725,922.778593725,29.89718740480128,True
validation_midnight_daily_forecasts,LightGBM,,0.6,4,1.0,39,3744,1006,667,339,0.2686965811965812,0.33697813121272363,0.6141804788213628,2056.19783125725,1144.43945199275,911.7583792644999,29.344601333147438,True
validation_midnight_daily_forecasts,LightGBM,,0.625,4,1.0,39,3744,984,664,320,0.26282051282051283,0.3252032520325203,0.6114180478821363,2004.1193409764999,1141.4688964377501,862.65044453875,29.26843324199359,True
validation_midnight_daily_forecasts,LightGBM,,0.65,4,1.0,39,3744,968,661,307,0.25854700854700857,0.31714876033057854,0.6086556169429097,1966.0656871827496,1132.62877143775,833.436915745,29.041763370198716,True
validation_midnight_daily_forecasts,LightGBM,,0.675,4,1.0,39,3744,950,651,299,0.2537393162393162,0.31473684210526315,0.5994475138121547,1954.2509927382498,1127.8065769935,826.4444157447499,28.918117358807688,True
validation_midnight_daily_forecasts,LightGBM,,0.7,4,1.0,39,3744,928,642,286,0.24786324786324787,0.3081896551724138,0.5911602209944752,1905.43109241175,1119.83311620825,785.5979762035,28.713669646365386,True
validation_midnight_daily_forecasts,LightGBM,,0.725,4,1.0,39,3744,896,624,272,0.23931623931623933,0.30357142857142855,0.574585635359116,1815.86742936875,1066.66275851325,749.2046708554999,27.350327141365387,True
validation_midnight_daily_forecasts,LightGBM,,0.75,4,1.0,39,3744,841,600,241,0.22462606837606838,0.28656361474435194,0.5524861878453039,1691.8331891187497,1037.84768955025,653.9854995685,26.61147921923718,True
validation_midnight_daily_forecasts,LightGBM,,0.775,4,1.0,39,3744,784,573,211,0.2094017094017094,0.26913265306122447,0.5276243093922652,1547.79108808925,1006.946350737,540.84473735225,25.819137198384617,True
validation_midnight_daily_forecasts,LightGBM,,0.8,4,1.0,39,3744,722,544,178,0.19284188034188035,0.24653739612188366,0.5009208103130756,1417.825802119,965.9623263377499,451.86347578125,24.768264777891023,True
validation_midnight_daily_forecasts,LightGBM,,0.825,4,1.0,39,3744,690,531,159,0.1842948717948718,0.23043478260869565,0.4889502762430939,1324.5589747857503,932.7151958835002,391.84377890224994,23.91577425342308,True
validation_midnight_daily_forecasts,LightGBM,,0.85,4,1.0,39,3744,633,492,141,0.16907051282051283,0.22274881516587677,0.4530386740331492,1221.0244182212498,872.1556002115001,348.86881800975,22.36296410798718,True
validation_midnight_daily_forecasts,LightGBM,,0.875,4,1.0,39,3744,542,452,90,0.14476495726495728,0.16605166051660517,0.4162062615101289,967.4274404085,752.6206787624999,214.806761646,19.297966122115383,True
validation_midnight_daily_forecasts,LightGBM,,0.9,4,1.0,39,3744,457,392,65,0.12206196581196581,0.1422319474835886,0.36095764272559855,791.04396690125,649.63247684575,141.4114900555,16.65724299604487,True
validation_midnight_daily_forecasts,LightGBM,,0.925,4,1.0,39,3744,418,368,50,0.11164529914529915,0.11961722488038277,0.3388581952117864,733.676569642,614.47841581125,119.19815383075,15.755856815673077,True
validation_midnight_daily_forecasts,LightGBM,,0.95,4,1.0,39,3744,333,301,32,0.0889423076923077,0.0960960960960961,0.27716390423572745,575.13444107875,502.97002675824996,72.1644143205,12.89666735277564,True
validation_midnight_daily_forecasts,Random Forest,,0.05,4,1.0,39,3744,3067,1009,2058,0.8191773504273504,0.671014020215194,0.929097605893186,6968.841038472499,1677.9022436762502,5290.9387947962505,43.02313445323718,True
validation_midnight_daily_forecasts,Random Forest,,0.075,4,1.0,39,3744,2812,995,1817,0.7510683760683761,0.6461593172119487,0.916206261510129,6325.57282112225,1647.941623031,4677.631198091251,42.254913411051284,True
validation_midnight_daily_forecasts,Random Forest,,0.1,4,1.0,39,3744,2610,974,1636,0.6971153846153846,0.6268199233716475,0.8968692449355433,5739.55233457425,1619.63687066375,4119.9154639105,41.52915052983974,True
validation_midnight_daily_forecasts,Random Forest,,0.125,4,1.0,39,3744,2390,962,1428,0.6383547008547008,0.597489539748954,0.8858195211786372,5132.126893916,1606.05166930225,3526.0752246137504,41.18081203339103,True
validation_midnight_daily_forecasts,Random Forest,,0.15,4,1.0,39,3744,2210,939,1271,0.5902777777777778,0.5751131221719457,0.8646408839779005,4723.05385212325,1550.7079839055,3172.3458682177497,39.761743177064105,True
validation_midnight_daily_forecasts,Random Forest,,0.175,4,1.0,39,3744,1996,917,1079,0.5331196581196581,0.5405811623246493,0.8443830570902394,4128.17689124775,1513.20972725825,2614.9671639894996,38.80024941687821,True
validation_midnight_daily_forecasts,Random Forest,,0.2,4,1.0,39,3744,1824,911,913,0.48717948717948717,0.5005482456140351,0.8388581952117864,3661.04732831475,1488.11884644825,2172.9284818665,38.15689349867308,True
validation_midnight_daily_forecasts,Random Forest,,0.225,4,1.0,39,3744,1734,896,838,0.46314102564102566,0.48327566320645904,0.8250460405156538,3431.67674114375,1445.2147063632501,1986.4620347804998,37.05678734264744,True
validation_midnight_daily_forecasts,Random Forest,,0.25,4,1.0,39,3744,1679,886,793,0.4484508547008547,0.4723049434187016,0.8158379373848987,3341.8380364749996,1435.7974343045003,1906.0406021705,36.81531882832052,True
validation_midnight_daily_forecasts,Random Forest,,0.275,4,1.0,39,3744,1621,883,738,0.4329594017094017,0.4552745219000617,0.8130755064456722,3217.5114497802497,1433.49146208225,1784.019987698,36.75619133544231,True
validation_midnight_daily_forecasts,Random Forest,,0.3,4,1.0,39,3744,1561,869,692,0.4169337606837607,0.4433055733504164,0.8001841620626151,3077.31398271525,1427.29247214325,1650.021510572,36.59724287546795,True
validation_midnight_daily_forecasts,Random Forest,,0.325,4,1.0,39,3744,1480,860,620,0.3952991452991453,0.4189189189189189,0.7918968692449355,2878.3772790582498,1413.6841196732498,1464.6931593849997,36.24831076085256,True
validation_midnight_daily_forecasts,Random Forest,,0.35,4,1.0,39,3744,1337,794,543,0.35710470085470086,0.406133133881825,0.7311233885819521,2641.0059378195,1350.1341276075,1290.8718102119997,34.618823784807695,True
validation_midnight_daily_forecasts,Random Forest,,0.375,4,1.0,39,3744,1274,757,517,0.3402777777777778,0.40580847723704866,0.6970534069981584,2550.5652801422502,1304.6724998559998,1245.89278028625,33.45314102194872,True
validation_midnight_daily_forecasts,Random Forest,,0.4,4,1.0,39,3744,1231,743,488,0.32879273504273504,0.39642567018683994,0.6841620626151013,2484.07509075125,1289.81679034725,1194.258300404,33.072225393519226,True
validation_midnight_daily_forecasts,Random Forest,,0.425,4,1.0,39,3744,1184,732,452,0.3162393162393162,0.38175675675675674,0.6740331491712708,2394.3577878997503,1259.33260153175,1135.025186368,32.290579526455126,True
validation_midnight_daily_forecasts,Random Forest,,0.45,4,1.0,39,3744,1156,714,442,0.3087606837606838,0.38235294117647056,0.6574585635359116,2348.94504362675,1240.4835445875,1108.4614990392502,31.807270374038463,False
validation_midnight_daily_forecasts,Random Forest,,0.475,4,1.0,39,3744,1136,703,433,0.3034188034188034,0.38116197183098594,0.647329650092081,2295.30025005875,1209.93307349,1085.36717656875,31.023924961282052,True
validation_midnight_daily_forecasts,Random Forest,,0.5,4,1.0,39,3744,1107,685,422,0.2956730769230769,0.38121047877145436,0.6307550644567219,2218.98191811575,1179.31388148775,1039.668036628,30.238817474044872,False
validation_midnight_daily_forecasts,Random Forest,,0.525,4,1.0,39,3744,1072,669,403,0.2863247863247863,0.37593283582089554,0.6160220994475138,2142.76119999975,1145.285631571,997.47556842875,29.36629824541026,True
validation_midnight_daily_forecasts,Random Forest,,0.55,4,1.0,39,3744,1037,657,380,0.27697649572649574,0.36644165863066536,0.6049723756906077,2052.4094672205,1129.157123855,923.2523433655,28.95274676551282,True
validation_midnight_daily_forecasts,Random Forest,,0.575,4,1.0,39,3744,973,623,350,0.25988247863247865,0.3597122302158273,0.5736648250460405,1947.6322086117502,1088.2652643505,859.3669442612502,27.90423754744872,True
validation_midnight_daily_forecasts,Random Forest,,0.6,4,1.0,39,3744,943,608,335,0.2518696581196581,0.3552492046659597,0.5598526703499079,1912.3204989055,1072.3126704709998,840.0078284345,27.495196678743586,True
validation_midnight_daily_forecasts,Random Forest,,0.625,4,1.0,39,3744,912,590,322,0.24358974358974358,0.3530701754385965,0.5432780847145487,1827.09067988925,1029.04204931175,798.0486305775,26.38569357209615,True
validation_midnight_daily_forecasts,Random Forest,,0.65,4,1.0,39,3744,870,564,306,0.23237179487179488,0.35172413793103446,0.5193370165745856,1737.654865985,981.464185362,756.1906806229999,25.165748342615384,True
validation_midnight_daily_forecasts,Random Forest,,0.675,4,1.0,39,3744,839,552,287,0.22409188034188035,0.3420738974970203,0.5082872928176796,1667.87921006325,967.1630598127499,700.7161502505,24.799052815711537,True
validation_midnight_daily_forecasts,Random Forest,,0.7,4,1.0,39,3744,774,532,242,0.20673076923076922,0.31266149870801035,0.48987108655616945,1490.8401727175,939.441308286,551.3988644315,24.088238674,True
validation_midnight_daily_forecasts,Random Forest,,0.725,4,1.0,39,3744,731,519,212,0.1952457264957265,0.29001367989056087,0.47790055248618785,1424.07300558325,909.2405846827501,514.8324209005,23.31386114571154,True
validation_midnight_daily_forecasts,Random Forest,,0.75,4,1.0,39,3744,662,486,176,0.17681623931623933,0.26586102719033233,0.44751381215469616,1264.30329444975,840.77939728925,423.52389716050004,21.558446084339746,True
validation_midnight_daily_forecasts,Random Forest,,0.775,4,1.0,39,3744,607,467,140,0.16212606837606838,0.23064250411861614,0.4300184162062615,1138.13004898325,807.98137846825,330.148670515,20.71747124277564,True
validation_midnight_daily_forecasts,Random Forest,,0.8,4,1.0,39,3744,510,407,103,0.1362179487179487,0.2019607843137255,0.3747697974217311,975.84188686925,704.6771992765,271.16468759275,18.068646135294873,True
validation_midnight_daily_forecasts,Random Forest,,0.825,4,1.0,39,3744,408,323,85,0.10897435897435898,0.20833333333333334,0.2974217311233886,785.94053480475,555.4666079044999,230.47392690024998,14.24273353601282,False
validation_midnight_daily_forecasts,Random Forest,,0.85,4,1.0,39,3744,331,274,57,0.08840811965811966,0.17220543806646527,0.2523020257826888,606.535056738,486.85648003925,119.67857669874999,12.483499488185897,True
validation_midnight_daily_forecasts,Random Forest,,0.875,4,1.0,39,3744,262,223,39,0.06997863247863248,0.14885496183206107,0.20534069981583794,504.41797571425,417.49720393775,86.9207717765,10.705056511224358,True
validation_midnight_daily_forecasts,Random Forest,,0.9,4,1.0,39,3744,194,169,25,0.05181623931623932,0.12886597938144329,0.15561694290976058,330.49217369725,286.246290472,44.24588322525,7.3396484736410255,True
validation_midnight_daily_forecasts,Random Forest,,0.925,4,1.0,39,3744,119,114,5,0.03178418803418803,0.04201680672268908,0.10497237569060773,190.663633576,184.36885679099998,6.294776785,4.727406584384615,True
validation_midnight_daily_forecasts,Random Forest,,0.95,4,1.0,39,3744,30,30,0,0.008012820512820512,0.0,0.027624309392265192,62.6034226915,62.6034226915,0.0,1.605215966448718,True
validation_midnight_daily_forecasts,Original Transformer,,0.05,4,1.0,39,3744,2832,986,1846,0.7564102564102564,0.6518361581920904,0.9079189686924494,6355.346121162999,1614.71146587675,4740.634655286251,41.40285809940384,True
validation_midnight_daily_forecasts,Original Transformer,,0.075,4,1.0,39,3744,2549,973,1576,0.6808226495726496,0.6182816790898391,0.8959484346224678,5576.02359870675,1580.9951543162501,3995.0284443905,40.53833729016026,True
validation_midnight_daily_forecasts,Original Transformer,,0.1,4,1.0,39,3744,2345,961,1384,0.6263354700854701,0.5901918976545842,0.8848987108655617,4990.18363270375,1562.48254277325,3427.7010899304996,40.063654942903845,True
validation_midnight_daily_forecasts,Original Transformer,,0.125,4,1.0,39,3744,2165,947,1218,0.5782585470085471,0.5625866050808314,0.8720073664825047,4538.05705724,1540.2474524935,2997.8096047464996,39.493524422910255,True
validation_midnight_daily_forecasts,Original Transformer,,0.15,4,1.0,39,3744,2032,935,1097,0.5427350427350427,0.5398622047244095,0.8609576427255985,4229.56371888825,1521.88216657725,2707.681552311,39.02261965582692,True
validation_midnight_daily_forecasts,Original Transformer,,0.175,4,1.0,39,3744,1965,925,1040,0.5248397435897436,0.5292620865139949,0.8517495395948435,4105.915296258499,1520.5904999105,2585.324796348,38.98949999770513,True
validation_midnight_daily_forecasts,Original Transformer,,0.2,4,1.0,39,3744,1918,924,994,0.5122863247863247,0.5182481751824818,0.850828729281768,3974.92006243175,1520.4467499105,2454.4733125212497,38.98581410026923,True
validation_midnight_daily_forecasts,Original Transformer,,0.225,4,1.0,39,3744,1879,922,957,0.5018696581196581,0.5093134646088345,0.848987108655617,3867.0803865769994,1518.70003938425,2348.3803471927495,38.94102665087821,True
validation_midnight_daily_forecasts,Original Transformer,,0.25,4,1.0,39,3744,1816,916,900,0.48504273504273504,0.4955947136563877,0.8434622467771639,3703.5742961759997,1514.125954913,2189.4483412629997,38.823742433666666,True
validation_midnight_daily_forecasts,Original Transformer,,0.275,4,1.0,39,3744,1735,902,833,0.4634081196581197,0.4801152737752161,0.8305709023941068,3515.3860098269997,1488.5433356857502,2026.84267414125,38.16777783809616,True
validation_midnight_daily_forecasts,Original Transformer,,0.3,4,1.0,39,3744,1646,882,764,0.43963675213675213,0.4641555285540705,0.8121546961325967,3286.0949113634997,1452.09906992525,1833.99584143825,37.23330948526282,True
validation_midnight_daily_forecasts,Original Transformer,,0.325,4,1.0,39,3744,1571,871,700,0.41960470085470086,0.44557606619987267,0.8020257826887661,3077.6650800859998,1436.080013455,1641.5850666309998,36.822564447564105,True
validation_midnight_daily_forecasts,Original Transformer,,0.35,4,1.0,39,3744,1508,860,648,0.4027777777777778,0.4297082228116711,0.7918968692449355,2908.11734243525,1413.0153092995,1495.10203313575,36.231161776910255,True
validation_midnight_daily_forecasts,Original Transformer,,0.375,4,1.0,39,3744,1454,844,610,0.38835470085470086,0.4195323246217332,0.7771639042357275,2763.65236340525,1376.7666192562501,1386.885744149,35.301708186057695,True
validation_midnight_daily_forecasts,Original Transformer,,0.4,4,1.0,39,3744,1400,825,575,0.37393162393162394,0.4107142857142857,0.7596685082872928,2633.176653047,1340.9164319795,1292.2602210674997,34.382472614858976,True
validation_midnight_daily_forecasts,Original Transformer,,0.425,4,1.0,39,3744,1340,802,538,0.3579059829059829,0.4014925373134328,0.7384898710865562,2497.1094352345,1299.92397294725,1197.18546228725,33.33138392172436,True
validation_midnight_daily_forecasts,Original Transformer,,0.45,4,1.0,39,3744,1283,780,503,0.34268162393162394,0.392049883086516,0.7182320441988951,2355.16132173475,1244.4661306459998,1110.6951910887499,31.909387965282047,True
validation_midnight_daily_forecasts,Original Transformer,,0.475,4,1.0,39,3744,1212,745,467,0.32371794871794873,0.38531353135313534,0.6860036832412523,2176.50449933075,1153.53600474475,1022.9684945859999,29.57784627550641,True
validation_midnight_daily_forecasts,Original Transformer,,0.5,4,1.0,39,3744,1148,716,432,0.30662393162393164,0.37630662020905925,0.6593001841620626,1991.636413456,1065.9903454237501,925.6460680322498,27.333085780096155,True
validation_midnight_daily_forecasts,Original Transformer,,0.525,4,1.0,39,3744,1065,683,382,0.2844551282051282,0.3586854460093897,0.6289134438305709,1760.646261285,972.3475318459999,788.298729439,24.93198799605128,True
validation_midnight_daily_forecasts,Original Transformer,,0.55,4,1.0,39,3744,994,643,351,0.265491452991453,0.35311871227364183,0.5920810313075506,1622.66880664325,894.2305921454999,728.4382144977499,22.928989542192305,True
validation_midnight_daily_forecasts,Original Transformer,,0.575,4,1.0,39,3744,922,605,317,0.24626068376068377,0.3438177874186551,0.5570902394106814,1500.20210639475,827.7003786467501,672.5017277479999,21.223086631967952,True
validation_midnight_daily_forecasts,Original Transformer,,0.6,4,1.0,39,3744,848,564,284,0.2264957264957265,0.33490566037735847,0.5193370165745856,1383.03615093075,774.3421931055,608.69395782525,19.854928028346155,True
validation_midnight_daily_forecasts,Original Transformer,,0.625,4,1.0,39,3744,775,523,252,0.20699786324786323,0.3251612903225806,0.48158379373848986,1262.67264642775,721.324730631,541.3479157967499,18.495505913615382,True
validation_midnight_daily_forecasts,Original Transformer,,0.65,4,1.0,39,3744,713,487,226,0.19043803418803418,0.3169705469845722,0.44843462246777166,1143.0457391517498,673.4701621444999,469.57557700725,17.268465696012818,True
validation_midnight_daily_forecasts,Original Transformer,,0.675,4,1.0,39,3744,660,452,208,0.1762820512820513,0.3151515151515151,0.4162062615101289,1054.0610950362498,626.763150241,427.2979447952499,16.070850006179487,True
validation_midnight_daily_forecasts,Original Transformer,,0.7,4,1.0,39,3744,620,427,193,0.1655982905982906,0.31129032258064515,0.39318600368324125,976.7867453844999,582.4456121277501,394.34113325675,14.934502875070516,True
validation_midnight_daily_forecasts,Original Transformer,,0.725,4,1.0,39,3744,578,406,172,0.1543803418803419,0.2975778546712803,0.3738489871086556,888.9386072965,530.1458363275,358.79277096899995,13.59348298275641,True
validation_midnight_daily_forecasts,Original Transformer,,0.75,4,1.0,39,3744,531,375,156,0.14182692307692307,0.2937853107344633,0.3453038674033149,788.4666116509999,472.91523972075,315.55137193024996,12.126031787711538,True
validation_midnight_daily_forecasts,Original Transformer,,0.775,4,1.0,39,3744,479,345,134,0.12793803418803418,0.2797494780793319,0.31767955801104975,683.51387441975,421.12029900075004,262.393575419,10.797956384634617,True
validation_midnight_daily_forecasts,Original Transformer,,0.8,4,1.0,39,3744,425,311,114,0.11351495726495726,0.26823529411764707,0.2863720073664825,585.47959594125,363.454339271,222.02525667025,9.319342032589743,True
validation_midnight_daily_forecasts,Original Transformer,,0.825,4,1.0,39,3744,361,272,89,0.09642094017094018,0.24653739612188366,0.2504604051565378,476.08170967925,306.367586023,169.71412365625,7.855579128794872,True
validation_midnight_daily_forecasts,Original Transformer,,0.85,4,1.0,39,3744,271,217,54,0.07238247863247864,0.1992619926199262,0.1998158379373849,321.22054688475,220.742866827,100.47768005774999,5.660073508384615,True
validation_midnight_daily_forecasts,Original Transformer,,0.875,4,1.0,39,3744,170,144,26,0.045405982905982904,0.15294117647058825,0.13259668508287292,165.45441969400002,105.3695938015,60.08482589250001,2.701784456448718,True
validation_midnight_daily_forecasts,Original Transformer,,0.9,4,1.0,39,3744,91,89,2,0.024305555555555556,0.02197802197802198,0.08195211786372007,49.78679439649999,49.68679439649999,0.1,1.2740203691410255,True
validation_midnight_daily_forecasts,Original Transformer,,0.925,4,1.0,39,3744,57,57,0,0.015224358974358974,0.0,0.052486187845303865,32.52706228325,32.52706228325,0.0,0.8340272380320511,True
validation_midnight_daily_forecasts,Original Transformer,,0.95,4,1.0,39,3744,26,26,0,0.006944444444444444,0.0,0.02394106813996317,15.751055392999998,15.751055392999998,0.0,0.40387321520512814,False
validation_midnight_daily_forecasts,DLinear,,0.05,4,1.0,39,3744,3697,1086,2611,0.9874465811965812,0.7062483094400865,1.0,9052.191173236752,1775.069106373,7277.12206686375,45.51459247110257,False
validation_midnight_daily_forecasts,DLinear,,0.075,4,1.0,39,3744,3613,1086,2527,0.9650106837606838,0.6994187655687794,1.0,8812.427367048,1775.069106373,7037.358260675001,45.51459247110257,False
validation_midnight_daily_forecasts,DLinear,,0.1,4,1.0,39,3744,3576,1086,2490,0.9551282051282052,0.6963087248322147,1.0,8722.161285523249,1775.069106373,6947.09217915025,45.51459247110257,False
validation_midnight_daily_forecasts,DLinear,,0.125,4,1.0,39,3744,3551,1086,2465,0.9484508547008547,0.6941706561531963,1.0,8659.260481109,1775.069106373,6884.191374736,45.51459247110257,True
validation_midnight_daily_forecasts,DLinear,,0.15,4,1.0,39,3744,3526,1081,2445,0.9417735042735043,0.6934203062960862,0.9953959484346224,8605.2410823395,1763.3834221615002,6841.857660178,45.21495954260257,True
validation_midnight_daily_forecasts,DLinear,,0.175,4,1.0,39,3744,3477,1066,2411,0.9286858974358975,0.6934138625251653,0.9815837937384899,8482.002299315249,1738.56586917425,6743.4364301410005,44.57861203010898,True
validation_midnight_daily_forecasts,DLinear,,0.2,4,1.0,39,3744,3423,1040,2383,0.9142628205128205,0.69617294770669,0.9576427255985267,8346.36957567925,1670.84590947675,6675.5236662025,42.84220280709615,False
validation_midnight_daily_forecasts,DLinear,,0.225,4,1.0,39,3744,3335,1020,2315,0.8907585470085471,0.6941529235382309,0.9392265193370166,8073.676162731,1616.9978903265,6456.678272404501,41.46148436734615,False
validation_midnight_daily_forecasts,DLinear,,0.25,4,1.0,39,3744,3202,1005,2197,0.8552350427350427,0.6861336664584634,0.925414364640884,7800.01867047775,1587.329002273,6212.68966820475,40.70074364802564,True
validation_midnight_daily_forecasts,DLinear,,0.275,4,1.0,39,3744,2964,937,2027,0.7916666666666666,0.6838731443994602,0.8627992633517495,7270.78816729425,1492.654443947,5778.1337233472495,38.2731908704359,True
validation_midnight_daily_forecasts,DLinear,,0.3,4,1.0,39,3744,2645,882,1763,0.7064636752136753,0.6665406427221172,0.8121546961325967,6430.663261713749,1406.13777776075,5024.525483953001,36.054814814378204,True
validation_midnight_daily_forecasts,DLinear,,0.325,4,1.0,39,3744,2332,831,1501,0.6228632478632479,0.6436535162950258,0.7651933701657458,5640.2286222845,1326.40954165125,4313.8190806332495,34.01050106798077,True
validation_midnight_daily_forecasts,DLinear,,0.35,4,1.0,39,3744,1779,756,1023,0.4751602564102564,0.5750421585160203,0.6961325966850829,4221.27549512925,1176.59444134775,3044.6810537815,30.169088239685898,True
validation_midnight_daily_forecasts,DLinear,,0.375,4,1.0,39,3744,1474,715,759,0.3936965811965812,0.5149253731343284,0.6583793738489871,3421.99494206525,1109.30770436275,2312.6872377025,28.443787291352564,True
validation_midnight_daily_forecasts,DLinear,,0.4,4,1.0,39,3744,1231,673,558,0.32879273504273504,0.45329000812347686,0.6197053406998159,2680.24063302575,1031.848085133,1648.39254789275,26.457643208538464,True
validation_midnight_daily_forecasts,DLinear,,0.425,4,1.0,39,3744,1119,660,459,0.2988782051282051,0.4101876675603217,0.6077348066298343,2283.55599523125,1012.17324523825,1271.382749993,25.953160134314103,True
validation_midnight_daily_forecasts,DLinear,,0.45,4,1.0,39,3744,1087,642,445,0.2903311965811966,0.4093836246550138,0.5911602209944752,2194.1145976464995,969.3208111189999,1224.7937865274998,24.854379772282048,True
validation_midnight_daily_forecasts,DLinear,,0.475,4,1.0,39,3744,1057,631,426,0.28231837606837606,0.4030274361400189,0.5810313075506446,2093.2517473959997,951.40823509425,1141.84351230175,24.395082951134615,True
validation_midnight_daily_forecasts,DLinear,,0.5,4,1.0,39,3744,1024,606,418,0.27350427350427353,0.408203125,0.5580110497237569,2024.305025204,911.89219778675,1112.41282741725,23.381851225301283,False
validation_midnight_daily_forecasts,DLinear,,0.525,4,1.0,39,3744,987,584,403,0.2636217948717949,0.4083080040526849,0.5377532228360957,1954.16926362125,879.6626892587499,1074.5065743625,22.555453570737175,False
validation_midnight_daily_forecasts,DLinear,,0.55,4,1.0,39,3744,942,558,384,0.2516025641025641,0.40764331210191085,0.5138121546961326,1826.1875503255,826.7689532750001,999.4185970505001,21.199203930128206,False
validation_midnight_daily_forecasts,DLinear,,0.575,4,1.0,39,3744,907,533,374,0.2422542735042735,0.412348401323043,0.49079189686924496,1740.2254820505,780.8515844039999,959.3738976465,20.02183549753846,False
validation_midnight_daily_forecasts,DLinear,,0.6,4,1.0,39,3744,881,513,368,0.23530982905982906,0.4177071509648127,0.4723756906077348,1684.9906448805,736.63474192025,948.35590296025,18.888070305647435,False
validation_midnight_daily_forecasts,DLinear,,0.625,4,1.0,39,3744,846,487,359,0.22596153846153846,0.4243498817966903,0.44843462246777166,1609.67286917175,683.9213977647499,925.751471407,17.53644609653205,False
validation_midnight_daily_forecasts,DLinear,,0.65,4,1.0,39,3744,787,463,324,0.21020299145299146,0.41168996188055906,0.4263351749539595,1451.8150056495,612.35288294425,839.4621227052501,15.701355972929488,False
validation_midnight_daily_forecasts,DLinear,,0.675,4,1.0,39,3744,696,420,276,0.1858974358974359,0.39655172413793105,0.3867403314917127,1251.6683033235,532.81065101225,718.85765231125,13.661811564416666,True
validation_midnight_daily_forecasts,DLinear,,0.7,4,1.0,39,3744,600,375,225,0.16025641025641027,0.375,0.3453038674033149,964.815113937,431.10854957624997,533.70656436075,11.05406537375,True
validation_midnight_daily_forecasts,DLinear,,0.725,4,1.0,39,3744,499,322,177,0.13327991452991453,0.35470941883767537,0.2965009208103131,728.1248281667499,332.428011137,395.69681702975,8.523795157358974,True
validation_midnight_daily_forecasts,DLinear,,0.75,4,1.0,39,3744,378,256,122,0.10096153846153846,0.32275132275132273,0.23572744014732966,489.179761592,212.89671270449998,276.28304888750006,5.458890069346153,True
validation_midnight_daily_forecasts,DLinear,,0.775,4,1.0,39,3744,275,202,73,0.0734508547008547,0.26545454545454544,0.1860036832412523,288.52088713499995,126.58856880875001,161.93231832625,3.2458607386858978,True
validation_midnight_daily_forecasts,DLinear,,0.8,4,1.0,39,3744,207,166,41,0.055288461538461536,0.19806763285024154,0.15285451197053407,126.1483640745,88.205670294,37.942693780499994,2.2616838536923076,True
validation_midnight_daily_forecasts,DLinear,,0.825,4,1.0,39,3744,173,145,28,0.04620726495726496,0.16184971098265896,0.13351749539594843,105.90658981925,80.82463361125001,25.081956207999998,2.072426502852564,True
validation_midnight_daily_forecasts,DLinear,,0.85,4,1.0,39,3744,129,112,17,0.03445512820512821,0.13178294573643412,0.10313075506445672,83.17547249249999,67.688635332,15.486837160499999,1.7356060341538462,True
validation_midnight_daily_forecasts,DLinear,,0.875,4,1.0,39,3744,106,98,8,0.028311965811965812,0.07547169811320754,0.09023941068139964,66.62962819424999,58.160221588249996,8.469406606,1.491287733032051,True
validation_midnight_daily_forecasts,DLinear,,0.9,4,1.0,39,3744,73,69,4,0.019497863247863248,0.0547945205479452,0.06353591160220995,42.1355219,37.46603359475,4.66948830525,0.9606675280705128,True
validation_midnight_daily_forecasts,DLinear,,0.925,4,1.0,39,3744,52,52,0,0.013888888888888888,0.0,0.04788213627992634,26.5857578895,26.5857578895,0.0,0.6816860997307693,True
validation_midnight_daily_forecasts,DLinear,,0.95,4,1.0,39,3744,30,30,0,0.008012820512820512,0.0,0.027624309392265192,14.918753139249999,14.918753139249999,0.0,0.382532131775641,False
validation_midnight_daily_forecasts,Seasonal-Transformer Blend,,0.05,4,1.0,39,3744,2880,985,1895,0.7692307692307693,0.6579861111111112,0.9069981583793738,6601.9364211437505,1605.4755246995,4996.4608964442505,41.166039094858974,True
validation_midnight_daily_forecasts,Seasonal-Transformer Blend,,0.075,4,1.0,39,3744,2565,965,1600,0.6850961538461539,0.6237816764132553,0.8885819521178637,5681.208666736,1568.8534263230001,4112.3552404130005,40.227010931358976,True
validation_midnight_daily_forecasts,Seasonal-Transformer Blend,,0.1,4,1.0,39,3744,2301,950,1351,0.6145833333333334,0.5871360278139939,0.8747697974217311,4940.98245026775,1553.8883634415001,3387.0940868262496,39.84329137029488,True
validation_midnight_daily_forecasts,Seasonal-Transformer Blend,,0.125,4,1.0,39,3744,2095,930,1165,0.5595619658119658,0.5560859188544153,0.856353591160221,4414.126646302,1520.5799474730002,2893.5466988289995,38.98922942238462,True
validation_midnight_daily_forecasts,Seasonal-Transformer Blend,,0.15,4,1.0,39,3744,1970,908,1062,0.5261752136752137,0.5390862944162437,0.8360957642725598,4126.14824615,1504.4091460652498,2621.7391000847497,38.57459348885256,True
validation_midnight_daily_forecasts,Seasonal-Transformer Blend,,0.175,4,1.0,39,3744,1883,889,994,0.5029380341880342,0.5278810408921933,0.8186003683241252,3940.2607255075,1484.4858363962499,2455.7748891112496,38.06373939477564,True
validation_midnight_daily_forecasts,Seasonal-Transformer Blend,,0.2,4,1.0,39,3744,1829,874,955,0.48851495726495725,0.5221432476763258,0.8047882136279927,3828.5820321480005,1459.0366971487501,2369.54533499925,37.411197362788464,True
validation_midnight_daily_forecasts,Seasonal-Transformer Blend,,0.225,4,1.0,39,3744,1804,865,939,0.48183760683760685,0.520509977827051,0.7965009208103131,3782.4118185820003,1445.288659188,2337.1231593939997,37.05868356892308,True
validation_midnight_daily_forecasts,Seasonal-Transformer Blend,,0.25,4,1.0,39,3744,1780,856,924,0.4754273504273504,0.5191011235955056,0.7882136279926335,3732.247814716,1420.08700603225,2312.16080868375,36.412487334160254,True
validation_midnight_daily_forecasts,Seasonal-Transformer Blend,,0.275,4,1.0,39,3744,1738,848,890,0.4642094017094017,0.5120828538550057,0.7808471454880295,3642.17936831725,1402.279795374,2239.89957294325,35.95589218907693,True
validation_midnight_daily_forecasts,Seasonal-Transformer Blend,,0.3,4,1.0,39,3744,1692,842,850,0.4519230769230769,0.5023640661938534,0.7753222836095764,3527.0152469619998,1392.8079000475,2134.2073469145,35.71302307814103,True
validation_midnight_daily_forecasts,Seasonal-Transformer Blend,,0.325,4,1.0,39,3744,1616,832,784,0.43162393162393164,0.48514851485148514,0.7661141804788214,3333.4389882644996,1381.6381083805,1951.800879884,35.42661816360256,True
validation_midnight_daily_forecasts,Seasonal-Transformer Blend,,0.35,4,1.0,39,3744,1508,815,693,0.4027777777777778,0.45954907161803715,0.7504604051565378,3079.9781791347496,1358.18553664625,1721.7926424885,34.825270170416665,True
validation_midnight_daily_forecasts,Seasonal-Transformer Blend,,0.375,4,1.0,39,3744,1427,794,633,0.38114316239316237,0.44358794674141555,0.7311233885819521,2864.91364739225,1317.7628737690002,1547.1507736232497,33.78879163510257,True
validation_midnight_daily_forecasts,Seasonal-Transformer Blend,,0.4,4,1.0,39,3744,1358,779,579,0.3627136752136752,0.4263622974963181,0.7173112338858195,2698.7161508445,1290.2621294047499,1408.4540214397498,33.08364434371153,True
validation_midnight_daily_forecasts,Seasonal-Transformer Blend,,0.425,4,1.0,39,3744,1263,757,506,0.3373397435897436,0.4006334125098971,0.6970534069981584,2432.83620686675,1234.5896810785,1198.24652578825,31.65614566867949,True
validation_midnight_daily_forecasts,Seasonal-Transformer Blend,,0.45,4,1.0,39,3744,1204,738,466,0.3215811965811966,0.38704318936877075,0.6795580110497238,2321.2232715845003,1201.897426225,1119.3258453595,30.817882723717947,True
validation_midnight_daily_forecasts,Seasonal-Transformer Blend,,0.475,4,1.0,39,3744,1140,714,426,0.30448717948717946,0.3736842105263158,0.6574585635359116,2179.75956627725,1167.4558458505,1012.30372042675,29.93476527821795,True
validation_midnight_daily_forecasts,Seasonal-Transformer Blend,,0.5,4,1.0,39,3744,1109,697,412,0.29620726495726496,0.3715058611361587,0.641804788213628,2106.09867268975,1131.2895840527501,974.8090886370001,29.007425232121797,True
validation_midnight_daily_forecasts,Seasonal-Transformer Blend,,0.525,4,1.0,39,3744,1071,685,386,0.2860576923076923,0.3604108309990663,0.6307550644567219,2016.7513960947497,1106.16670245225,910.5846936425,28.363248780826925,True
validation_midnight_daily_forecasts,Seasonal-Transformer Blend,,0.55,4,1.0,39,3744,1009,673,336,0.26949786324786323,0.3330029732408325,0.6197053406998159,1856.2494391725,1083.6158888109999,772.6335503614999,27.78502279002564,True
validation_midnight_daily_forecasts,Seasonal-Transformer Blend,,0.575,4,1.0,39,3744,962,656,306,0.2569444444444444,0.3180873180873181,0.6040515653775322,1752.40032321925,1057.4035971455,694.99672607375,27.112912747320514,True
validation_midnight_daily_forecasts,Seasonal-Transformer Blend,,0.6,4,1.0,39,3744,923,645,278,0.2465277777777778,0.30119176598049835,0.5939226519337016,1648.82787557,1027.2981817177501,621.5296938522499,26.34097901840385,True
validation_midnight_daily_forecasts,Seasonal-Transformer Blend,,0.625,4,1.0,39,3744,865,611,254,0.2310363247863248,0.29364161849710985,0.5626151012891344,1487.7056898987498,948.92946391575,538.776225983,24.33152471578846,True
validation_midnight_daily_forecasts,Seasonal-Transformer Blend,,0.65,4,1.0,39,3744,814,593,221,0.21741452991452992,0.2714987714987715,0.5460405156537753,1384.81386354425,916.10043139925,468.713432145,23.48975465126282,True
validation_midnight_daily_forecasts,Seasonal-Transformer Blend,,0.675,4,1.0,39,3744,723,546,177,0.19310897435897437,0.24481327800829875,0.5027624309392266,1195.38906908125,811.6938474315,383.69522164974995,20.812662754653847,True
validation_midnight_daily_forecasts,Seasonal-Transformer Blend,,0.7,4,1.0,39,3744,618,489,129,0.16506410256410256,0.2087378640776699,0.45027624309392267,981.99747796975,711.10907818275,270.88839978699997,18.23356610725,True
validation_midnight_daily_forecasts,Seasonal-Transformer Blend,,0.725,4,1.0,39,3744,502,422,80,0.13408119658119658,0.1593625498007968,0.3885819521178637,791.7113749842499,609.7498815105,181.96149347374998,15.634612346423078,True
validation_midnight_daily_forecasts,Seasonal-Transformer Blend,,0.75,4,1.0,39,3744,384,340,44,0.10256410256410256,0.11458333333333333,0.31307550644567217,596.3666114519999,504.21886765525,92.14774379675,12.92868891423718,True
validation_midnight_daily_forecasts,Seasonal-Transformer Blend,,0.775,4,1.0,39,3744,308,277,31,0.08226495726495726,0.10064935064935066,0.2550644567219153,488.7440905815,417.45139861875,71.29269196275,10.703882015865384,True
validation_midnight_daily_forecasts,Seasonal-Transformer Blend,,0.8,4,1.0,39,3744,258,236,22,0.06891025641025642,0.08527131782945736,0.21731123388581952,392.437635127,341.07715149825003,51.36048362875,8.745567987134617,True
validation_midnight_daily_forecasts,Seasonal-Transformer Blend,,0.825,4,1.0,39,3744,227,206,21,0.06063034188034188,0.09251101321585903,0.18968692449355432,349.95741524824996,300.41526495299996,49.54215029525,7.702955511615384,False
validation_midnight_daily_forecasts,Seasonal-Transformer Blend,,0.85,4,1.0,39,3744,206,186,20,0.05502136752136752,0.0970873786407767,0.1712707182320442,324.2702675905,278.86595062775,45.40431696275,7.150408990455128,False
validation_midnight_daily_forecasts,Seasonal-Transformer Blend,,0.875,4,1.0,39,3744,181,164,17,0.048344017094017096,0.09392265193370165,0.15101289134438306,284.96645432925,246.6939498665,38.27250446275,6.325485894012821,False
validation_midnight_daily_forecasts,Seasonal-Transformer Blend,,0.9,4,1.0,39,3744,104,93,11,0.027777777777777776,0.10576923076923077,0.0856353591160221,125.58459368049999,104.94873356125,20.63586011925,2.6909931682371795,False
validation_midnight_daily_forecasts,Seasonal-Transformer Blend,,0.925,4,1.0,39,3744,26,26,0,0.006944444444444444,0.0,0.02394106813996317,15.026240969499998,15.026240969499998,0.0,0.38528822998717943,True
validation_midnight_daily_forecasts,Seasonal-Transformer Blend,,0.95,4,1.0,39,3744,0,0,0,0.0,0.0,0.0,0.0,0.0,0.0,0.0,False
validation_midnight_daily_forecasts,Hybrid Seasonal-GBDT-Transformer,,0.05,4,1.0,39,3744,2693,976,1717,0.719284188034188,0.6375789082807278,0.8987108655616943,6056.955677551751,1589.55797248325,4467.397705068501,40.757896730339745,True
validation_midnight_daily_forecasts,Hybrid Seasonal-GBDT-Transformer,,0.075,4,1.0,39,3744,2525,958,1567,0.6744123931623932,0.6205940594059406,0.8821362799263351,5622.093296131,1556.4756971555,4065.6175989754997,39.909633260397435,True
validation_midnight_daily_forecasts,Hybrid Seasonal-GBDT-Transformer,,0.1,4,1.0,39,3744,2346,942,1404,0.6266025641025641,0.59846547314578,0.8674033149171271,5223.8454951759995,1537.006004635,3686.8394905410005,39.41041037525641,True
validation_midnight_daily_forecasts,Hybrid Seasonal-GBDT-Transformer,,0.125,4,1.0,39,3744,2173,929,1244,0.5803952991452992,0.5724804417855499,0.8554327808471455,4795.12289834675,1526.18435497925,3268.9385433674997,39.13293217895513,True
validation_midnight_daily_forecasts,Hybrid Seasonal-GBDT-Transformer,,0.15,4,1.0,39,3744,2037,919,1118,0.5440705128205128,0.5488463426607757,0.8462246777163904,4388.210514386001,1517.2626229530001,2870.9478914329998,38.9041698193077,True
validation_midnight_daily_forecasts,Hybrid Seasonal-GBDT-Transformer,,0.175,4,1.0,39,3744,1892,916,976,0.5053418803418803,0.5158562367864693,0.8434622467771639,3948.7367932517504,1513.3702618417499,2435.36653141,38.804365688249995,True
validation_midnight_daily_forecasts,Hybrid Seasonal-GBDT-Transformer,,0.2,4,1.0,39,3744,1761,897,864,0.4703525641025641,0.4906303236797274,0.8259668508287292,3629.4077651605003,1471.2221395435,2158.185625617,37.72364460367948,True
validation_midnight_daily_forecasts,Hybrid Seasonal-GBDT-Transformer,,0.225,4,1.0,39,3744,1694,890,804,0.45245726495726496,0.47461629279811096,0.8195211786372008,3466.2243331235004,1453.127102431,2013.0972306925,37.25966929310256,True
validation_midnight_daily_forecasts,Hybrid Seasonal-GBDT-Transformer,,0.25,4,1.0,39,3744,1626,886,740,0.4342948717948718,0.45510455104551045,0.8158379373848987,3298.21722627175,1441.8361311805002,1856.3810950912498,36.970157209756415,True
validation_midnight_daily_forecasts,Hybrid Seasonal-GBDT-Transformer,,0.275,4,1.0,39,3744,1561,883,678,0.4169337606837607,0.43433696348494555,0.8130755064456722,3146.17716352575,1433.135436737,1713.0417267887499,36.74706248043589,True
validation_midnight_daily_forecasts,Hybrid Seasonal-GBDT-Transformer,,0.3,4,1.0,39,3744,1485,876,609,0.39663461538461536,0.4101010101010101,0.8066298342541437,2930.6836586585,1421.63450536325,1509.0491532952499,36.45216680418589,True
validation_midnight_daily_forecasts,Hybrid Seasonal-GBDT-Transformer,,0.325,4,1.0,39,3744,1433,851,582,0.38274572649572647,0.4061409630146546,0.783609576427256,2851.9639353225,1402.66213401725,1449.3018013052501,35.965695744032054,True
validation_midnight_daily_forecasts,Hybrid Seasonal-GBDT-Transformer,,0.35,4,1.0,39,3744,1382,818,564,0.36912393162393164,0.4081041968162084,0.7532228360957642,2757.15899633575,1356.396019963,1400.76297637275,34.77938512725641,False
validation_midnight_daily_forecasts,Hybrid Seasonal-GBDT-Transformer,,0.375,4,1.0,39,3744,1352,808,544,0.3611111111111111,0.40236686390532544,0.7440147329650092,2688.40805985125,1345.58264276875,1342.8254170824998,34.502119045352565,True
validation_midnight_daily_forecasts,Hybrid Seasonal-GBDT-Transformer,,0.4,4,1.0,39,3744,1309,779,530,0.34962606837606836,0.40488922841864017,0.7173112338858195,2636.5347838872494,1329.4743451865,1307.06043870075,34.089085774012815,False
validation_midnight_daily_forecasts,Hybrid Seasonal-GBDT-Transformer,,0.425,4,1.0,39,3744,1260,769,491,0.33653846153846156,0.3896825396825397,0.7081031307550645,2491.1067191975,1317.6338133655,1173.4729058320002,33.78548239398718,True
validation_midnight_daily_forecasts,Hybrid Seasonal-GBDT-Transformer,,0.45,4,1.0,39,3744,1195,749,446,0.3191773504273504,0.3732217573221757,0.6896869244935543,2402.2383340657498,1303.3768431355002,1098.86149093025,33.41991905475641,True
validation_midnight_daily_forecasts,Hybrid Seasonal-GBDT-Transformer,,0.475,4,1.0,39,3744,1153,726,427,0.3079594017094017,0.37033824804856896,0.6685082872928176,2296.804026557,1249.0860584387501,1047.71796811825,32.027847652275646,True
validation_midnight_daily_forecasts,Hybrid Seasonal-GBDT-Transformer,,0.5,4,1.0,39,3744,1110,704,406,0.296474358974359,0.36576576576576575,0.6482504604051565,2202.0715981645,1208.08428264425,993.9873155202499,30.97652006780128,True
validation_midnight_daily_forecasts,Hybrid Seasonal-GBDT-Transformer,,0.525,4,1.0,39,3744,1068,699,369,0.28525641025641024,0.3455056179775281,0.643646408839779,2128.6615156225,1193.75865764425,934.9028579782499,30.609196349852564,True
validation_midnight_daily_forecasts,Hybrid Seasonal-GBDT-Transformer,,0.55,4,1.0,39,3744,1035,686,349,0.2764423076923077,0.33719806763285026,0.6316758747697975,2077.0458372589997,1171.52933600625,905.51650125275,30.039213743750004,True
validation_midnight_daily_forecasts,Hybrid Seasonal-GBDT-Transformer,,0.575,4,1.0,39,3744,1004,678,326,0.26816239316239315,0.3247011952191235,0.6243093922651933,2019.9160273952498,1158.8324636900002,861.0835637052501,29.71365291512821,True
validation_midnight_daily_forecasts,Hybrid Seasonal-GBDT-Transformer,,0.6,4,1.0,39,3744,973,659,314,0.25988247863247865,0.3227132579650565,0.6068139963167587,1967.20934239025,1128.9554720214999,838.2538703687501,28.947576205679486,True
validation_midnight_daily_forecasts,Hybrid Seasonal-GBDT-Transformer,,0.625,4,1.0,39,3744,948,645,303,0.2532051282051282,0.31962025316455694,0.5939226519337016,1911.4068872395,1104.1943338645,807.212553375,28.312675227294875,True
validation_midnight_daily_forecasts,Hybrid Seasonal-GBDT-Transformer,,0.65,4,1.0,39,3744,921,635,286,0.24599358974358973,0.31053203040173727,0.5847145488029466,1852.08530274075,1086.300235181,765.78506755975,27.853852184128208,True
validation_midnight_daily_forecasts,Hybrid Seasonal-GBDT-Transformer,,0.675,4,1.0,39,3744,881,616,265,0.23530982905982906,0.300794551645857,0.567219152854512,1726.225971036,1030.39275279175,695.83321824425,26.420326994660254,True
validation_midnight_daily_forecasts,Hybrid Seasonal-GBDT-Transformer,,0.7,4,1.0,39,3744,823,589,234,0.21981837606837606,0.284325637910085,0.5423572744014733,1568.967510889,975.0895244707501,593.87798641825,25.002295499250003,True
validation_midnight_daily_forecasts,Hybrid Seasonal-GBDT-Transformer,,0.725,4,1.0,39,3744,737,554,183,0.1968482905982906,0.24830393487109906,0.5101289134438306,1390.2090330300002,939.2763807654999,450.93265226449995,24.084009763217946,True
validation_midnight_daily_forecasts,Hybrid Seasonal-GBDT-Transformer,,0.75,4,1.0,39,3744,683,530,153,0.18242521367521367,0.2240117130307467,0.4880294659300184,1239.5083024815,886.543436396,352.9648660854999,22.73188298451282,True
validation_midnight_daily_forecasts,Hybrid Seasonal-GBDT-Transformer,,0.775,4,1.0,39,3744,624,509,115,0.16666666666666666,0.1842948717948718,0.4686924493554328,1123.258167058,851.5829167845,271.6752502735,21.835459404730766,True
validation_midnight_daily_forecasts,Hybrid Seasonal-GBDT-Transformer,,0.8,4,1.0,39,3744,578,477,101,0.1543803418803419,0.17474048442906576,0.43922651933701656,1005.707564943,777.11626007925,228.59130486375,19.92605795075,True
validation_midnight_daily_forecasts,Hybrid Seasonal-GBDT-Transformer,,0.825,4,1.0,39,3744,477,406,71,0.12740384615384615,0.1488469601677149,0.3738489871086556,801.9015622545,643.1125001304999,158.789062124,16.490064105910253,True
validation_midnight_daily_forecasts,Hybrid Seasonal-GBDT-Transformer,,0.85,4,1.0,39,3744,326,293,33,0.08707264957264957,0.10122699386503067,0.26979742173112337,497.268611181,423.9314879205,73.3371232605,10.870038151807693,True
validation_midnight_daily_forecasts,Hybrid Seasonal-GBDT-Transformer,,0.875,4,1.0,39,3744,263,240,23,0.0702457264957265,0.08745247148288973,0.22099447513812154,423.64988353525,368.483983239,55.16590029625,9.448307262538462,True
validation_midnight_daily_forecasts,Hybrid Seasonal-GBDT-Transformer,,0.9,4,1.0,39,3744,222,202,20,0.05929487179487179,0.09009009009009009,0.1860036832412523,352.08336846649996,306.67905150375,45.40431696275,7.8635654231730765,False
validation_midnight_daily_forecasts,Hybrid Seasonal-GBDT-Transformer,,0.925,4,1.0,39,3744,182,165,17,0.04861111111111111,0.09340659340659341,0.15193370165745856,294.81440700375,256.541902541,38.27250446275,6.577997501051282,False
validation_midnight_daily_forecasts,Hybrid Seasonal-GBDT-Transformer,,0.95,4,1.0,39,3744,53,53,0,0.014155982905982906,0.0,0.04880294659300184,50.42090785049999,50.42090785049999,0.0,1.2928437910384611,True
validation_midnight_daily_forecasts,Exploratory Hybrid Balanced Tree-Deep,,0.05,4,1.0,39,3744,2756,983,1773,0.7361111111111112,0.6433236574746009,0.9051565377532228,6224.207363351501,1609.6830246995,4614.524338652,41.273923710243594,True
validation_midnight_daily_forecasts,Exploratory Hybrid Balanced Tree-Deep,,0.075,4,1.0,39,3744,2547,960,1587,0.6802884615384616,0.6230859835100118,0.8839779005524862,5674.0474576015,1566.590926323,4107.4565312785,40.168998110846154,True
validation_midnight_daily_forecasts,Exploratory Hybrid Balanced Tree-Deep,,0.1,4,1.0,39,3744,2371,942,1429,0.6332799145299145,0.6026992830029524,0.8674033149171271,5269.34788445175,1534.31994560725,3735.0279388444997,39.34153706685257,True
validation_midnight_daily_forecasts,Exploratory Hybrid Balanced Tree-Deep,,0.125,4,1.0,39,3744,2188,929,1259,0.5844017094017094,0.5754113345521024,0.8554327808471455,4812.67984796225,1526.18435497925,3286.495492983,39.13293217895513,True
validation_midnight_daily_forecasts,Exploratory Hybrid Balanced Tree-Deep,,0.15,4,1.0,39,3744,2079,917,1162,0.5552884615384616,0.5589225589225589,0.8443830570902394,4505.4038731767505,1515.29095628625,2990.1129168905,38.85361426375,True
validation_midnight_daily_forecasts,Exploratory Hybrid Balanced Tree-Deep,,0.175,4,1.0,39,3744,1917,911,1006,0.5120192307692307,0.5247782994261867,0.8388581952117864,4013.0376236497505,1493.696441014,2519.3411826357496,38.29990874394871,True
validation_midnight_daily_forecasts,Exploratory Hybrid Balanced Tree-Deep,,0.2,4,1.0,39,3744,1813,902,911,0.484241452991453,0.5024820739106454,0.8305709023941068,3718.1137372040002,1479.9606651845002,2238.1530720194996,37.94770936370513,True
validation_midnight_daily_forecasts,Exploratory Hybrid Balanced Tree-Deep,,0.225,4,1.0,39,3744,1715,890,825,0.4580662393162393,0.48104956268221577,0.8195211786372008,3515.1364695370003,1453.127102431,2062.009367106,37.25966929310256,True
validation_midnight_daily_forecasts,Exploratory Hybrid Balanced Tree-Deep,,0.25,4,1.0,39,3744,1633,888,745,0.4361645299145299,0.45621555419473364,0.8176795580110497,3288.9794560275,1443.238462321,1845.7409937065,37.00611441848718,True
validation_midnight_daily_forecasts,Exploratory Hybrid Balanced Tree-Deep,,0.275,4,1.0,39,3744,1571,885,686,0.41960470085470086,0.43666454487587525,0.8149171270718232,3155.52143666775,1437.9276728480002,1717.5937638197502,36.8699403294359,True
validation_midnight_daily_forecasts,Exploratory Hybrid Balanced Tree-Deep,,0.3,4,1.0,39,3744,1490,867,623,0.39797008547008544,0.4181208053691275,0.7983425414364641,2971.314379019,1414.91731237975,1556.3970666392497,36.279931086660255,True
validation_midnight_daily_forecasts,Exploratory Hybrid Balanced Tree-Deep,,0.325,4,1.0,39,3744,1425,837,588,0.38060897435897434,0.4126315789473684,0.7707182320441989,2846.0528462417496,1381.8277107957501,1464.225135446,35.43147976399359,True
validation_midnight_daily_forecasts,Exploratory Hybrid Balanced Tree-Deep,,0.35,4,1.0,39,3744,1370,816,554,0.3659188034188034,0.4043795620437956,0.7513812154696132,2729.23694965175,1351.8180848555003,1377.41886479625,34.66200217578206,True
validation_midnight_daily_forecasts,Exploratory Hybrid Balanced Tree-Deep,,0.375,4,1.0,39,3744,1340,806,534,0.3579059829059829,0.39850746268656717,0.7421731123388582,2659.6682513342503,1340.1318675335,1319.5363838007502,34.362355577782054,True
validation_midnight_daily_forecasts,Exploratory Hybrid Balanced Tree-Deep,,0.4,4,1.0,39,3744,1297,778,519,0.34642094017094016,0.40015420200462604,0.716390423572744,2610.3063884232497,1329.64307670925,1280.663311714,34.093412223314104,False
validation_midnight_daily_forecasts,Exploratory Hybrid Balanced Tree-Deep,,0.425,4,1.0,39,3744,1240,755,485,0.3311965811965812,0.3911290322580645,0.6952117863720073,2476.8487141285,1295.68885225975,1181.1598618687499,33.22279108358334,True
validation_midnight_daily_forecasts,Exploratory Hybrid Balanced Tree-Deep,,0.45,4,1.0,39,3744,1189,738,451,0.3175747863247863,0.3793103448275862,0.6795580110497238,2378.1919029974997,1274.2910673805,1103.900835617,32.67412993283333,True
validation_midnight_daily_forecasts,Exploratory Hybrid Balanced Tree-Deep,,0.475,4,1.0,39,3744,1147,724,423,0.30635683760683763,0.3687881429816914,0.6666666666666666,2312.56282666275,1263.67578229375,1048.887044369,32.40194313573718,True
validation_midnight_daily_forecasts,Exploratory Hybrid Balanced Tree-Deep,,0.5,4,1.0,39,3744,1102,703,399,0.29433760683760685,0.3620689655172414,0.647329650092081,2195.1528565905,1203.8790564535,991.2738001370001,30.868693755217947,True
validation_midnight_daily_forecasts,Exploratory Hybrid Balanced Tree-Deep,,0.525,4,1.0,39,3744,1070,693,377,0.2857905982905983,0.35233644859813085,0.638121546961326,2137.2890356005,1192.7304453422498,944.55859025825,30.58283193185256,True
validation_midnight_daily_forecasts,Exploratory Hybrid Balanced Tree-Deep,,0.55,4,1.0,39,3744,1028,680,348,0.2745726495726496,0.33852140077821014,0.6261510128913443,2064.18774659525,1169.1382970225,895.04944957275,29.977905051858972,True
validation_midnight_daily_forecasts,Exploratory Hybrid Balanced Tree-Deep,,0.575,4,1.0,39,3744,988,665,323,0.2638888888888889,0.3269230769230769,0.6123388581952118,2000.09419827525,1148.5967334255,851.49746484975,29.451198292961536,True
validation_midnight_daily_forecasts,Exploratory Hybrid Balanced Tree-Deep,,0.6,4,1.0,39,3744,963,651,312,0.25721153846153844,0.32398753894080995,0.5994475138121547,1957.4433552585,1127.15377410475,830.2895811537501,28.90137882319872,True
validation_midnight_daily_forecasts,Exploratory Hybrid Balanced Tree-Deep,,0.625,4,1.0,39,3744,940,638,302,0.25106837606837606,0.32127659574468087,0.5874769797421732,1911.23078253725,1104.64630608525,806.5844764520001,28.324264258596152,True
validation_midnight_daily_forecasts,Exploratory Hybrid Balanced Tree-Deep,,0.65,4,1.0,39,3744,915,631,284,0.24439102564102563,0.3103825136612022,0.5810313075506446,1851.85023530575,1089.034511496,762.8157238097499,27.92396183323077,True
validation_midnight_daily_forecasts,Exploratory Hybrid Balanced Tree-Deep,,0.675,4,1.0,39,3744,857,596,261,0.22889957264957264,0.3045507584597433,0.5488029465930019,1668.457062065,990.27952912825,678.1775329367499,25.391782798160257,True
validation_midnight_daily_forecasts,Exploratory Hybrid Balanced Tree-Deep,,0.7,4,1.0,39,3744,792,572,220,0.21153846153846154,0.2777777777777778,0.5267034990791897,1530.6127907065,963.96040436525,566.65238634125,24.71693344526282,True
validation_midnight_daily_forecasts,Exploratory Hybrid Balanced Tree-Deep,,0.725,4,1.0,39,3744,709,538,171,0.1893696581196581,0.24118476727785615,0.4953959484346225,1314.543085864,910.3392769090001,404.203808955,23.342032741256414,True
validation_midnight_daily_forecasts,Exploratory Hybrid Balanced Tree-Deep,,0.75,4,1.0,39,3744,663,517,146,0.17708333333333334,0.22021116138763197,0.47605893186003684,1218.525890256,880.7589518027501,337.76693845324996,22.583562866737182,True
validation_midnight_daily_forecasts,Exploratory Hybrid Balanced Tree-Deep,,0.775,4,1.0,39,3744,593,487,106,0.15838675213675213,0.178752107925801,0.44843462246777166,1057.3112538105001,816.98323111075,240.32802269975002,20.948287977198717,True
validation_midnight_daily_forecasts,Exploratory Hybrid Balanced Tree-Deep,,0.8,4,1.0,39,3744,538,451,87,0.14369658119658119,0.16171003717472118,0.4152854511970534,937.7337318375002,743.65646460575,194.07726723175,19.068114477070512,True
validation_midnight_daily_forecasts,Exploratory Hybrid Balanced Tree-Deep,,0.825,4,1.0,39,3744,436,378,58,0.11645299145299146,0.13302752293577982,0.34806629834254144,733.228650109,608.363183145,124.86546696399999,15.599055978076922,True
validation_midnight_daily_forecasts,Exploratory Hybrid Balanced Tree-Deep,,0.85,4,1.0,39,3744,325,290,35,0.08680555555555555,0.1076923076923077,0.26703499079189685,487.20284387725,413.62433887649996,73.57850500075,10.605752278884614,True
validation_midnight_daily_forecasts,Exploratory Hybrid Balanced Tree-Deep,,0.875,4,1.0,39,3744,258,237,21,0.06891025641025642,0.08139534883720931,0.21823204419889503,416.18148054125,366.639330246,49.54215029525,9.401008467846154,True
validation_midnight_daily_forecasts,Exploratory Hybrid Balanced Tree-Deep,,0.9,4,1.0,39,3744,217,197,20,0.05795940170940171,0.09216589861751152,0.18139963167587478,346.775188641,301.37087167824996,45.40431696275,7.727458248160255,False
validation_midnight_daily_forecasts,Exploratory Hybrid Balanced Tree-Deep,,0.925,4,1.0,39,3744,173,157,16,0.04620726495726496,0.09248554913294797,0.1445672191528545,279.5774375765,245.37155811374998,34.205879462750005,6.2915784131730765,False
validation_midnight_daily_forecasts,Exploratory Hybrid Balanced Tree-Deep,,0.95,4,1.0,39,3744,26,26,0,0.006944444444444444,0.0,0.02394106813996317,30.938831265499996,30.938831265499996,0.0,0.7933033657820512,True
test_midnight_daily_forecasts_diagnostic,Historical Average,,0.05,4,1.0,43,4128,2792,1115,1677,0.6763565891472868,0.6006446991404012,0.972101133391456,6906.5439248835,2166.22484385625,4740.31908102725,50.37732195014535,True
test_midnight_daily_forecasts_diagnostic,Historical Average,,0.075,4,1.0,43,4128,2481,1114,1367,0.6010174418604651,0.550987505038291,0.9712292938099389,5854.968422834001,2162.7201070137503,3692.24831582025,50.29581644218024,True
test_midnight_daily_forecasts_diagnostic,Historical Average,,0.1,4,1.0,43,4128,2433,1110,1323,0.5893895348837209,0.5437731196054254,0.967741935483871,5657.485934992001,2151.33140800125,3506.15452699075,50.03096297677326,True
test_midnight_daily_forecasts_diagnostic,Historical Average,,0.125,4,1.0,43,4128,2073,1090,983,0.5021802325581395,0.4741919922817173,0.9503051438535309,4438.91644467175,2107.67217609825,2331.2442685735004,49.01563200228488,True
test_midnight_daily_forecasts_diagnostic,Historical Average,,0.15,4,1.0,43,4128,1917,1087,830,0.4643895348837209,0.4329681794470527,0.9476896251089799,3939.1456696005,2103.9461600165,1835.199509584,48.9289804655,True
test_midnight_daily_forecasts_diagnostic,Historical Average,,0.175,4,1.0,43,4128,1911,1085,826,0.4629360465116279,0.43223443223443225,0.9459459459459459,3925.8060716475,2097.78282668325,1828.0232449642504,48.7856471321686,True
test_midnight_daily_forecasts_diagnostic,Historical Average,,0.2,4,1.0,43,4128,1803,1077,726,0.4367732558139535,0.40266222961730447,0.9389712292938099,3580.26163016425,2076.78857982325,1503.473050341,48.29740883309884,False
test_midnight_daily_forecasts_diagnostic,Historical Average,,0.225,4,1.0,43,4128,1796,1077,719,0.43507751937984496,0.40033407572383073,0.9389712292938099,3557.1899737292497,2076.78857982325,1480.401393906,48.29740883309884,True
test_midnight_daily_forecasts_diagnostic,Historical Average,,0.25,4,1.0,43,4128,1796,1077,719,0.43507751937984496,0.40033407572383073,0.9389712292938099,3557.1899737292497,2076.78857982325,1480.401393906,48.29740883309884,False
test_midnight_daily_forecasts_diagnostic,Historical Average,,0.275,4,1.0,43,4128,1784,1076,708,0.4321705426356589,0.3968609865470852,0.9380993897122929,3534.37729829175,2076.75857982325,1457.6187184685,48.29671115868023,True
test_midnight_daily_forecasts_diagnostic,Historical Average,,0.3,4,1.0,43,4128,1760,1072,688,0.4263565891472868,0.39090909090909093,0.934612031386225,3529.2512164205,2076.2330535075,1453.018162913,48.284489616453484,True
test_midnight_daily_forecasts_diagnostic,Historical Average,,0.325,4,1.0,43,4128,1760,1072,688,0.4263565891472868,0.39090909090909093,0.934612031386225,3529.2512164205,2076.2330535075,1453.018162913,48.284489616453484,False
test_midnight_daily_forecasts_diagnostic,Historical Average,,0.35,4,1.0,43,4128,1622,1037,585,0.39292635658914726,0.36066584463625156,0.9040976460331299,3289.67510089625,2038.0372558597498,1251.6378450365,47.396215252552324,True
test_midnight_daily_forecasts_diagnostic,Historical Average,,0.375,4,1.0,43,4128,1505,1000,505,0.3645833333333333,0.33554817275747506,0.8718395815170009,3014.8169778727497,1966.3563258634997,1048.46065200925,45.7292168805465,True
test_midnight_daily_forecasts_diagnostic,Historical Average,,0.4,4,1.0,43,4128,1505,1000,505,0.3645833333333333,0.33554817275747506,0.8718395815170009,3014.8169778727497,1966.3563258634997,1048.46065200925,45.7292168805465,False
test_midnight_daily_forecasts_diagnostic,Historical Average,,0.425,4,1.0,43,4128,1426,995,431,0.34544573643410853,0.3022440392706872,0.8674803836094158,2821.494761762,1957.7771243667498,863.71763739525,45.5297005666686,True
test_midnight_daily_forecasts_diagnostic,Historical Average,,0.45,4,1.0,43,4128,1348,954,394,0.32655038759689925,0.2922848664688427,0.8317349607672189,2671.03329859025,1858.6172271665,812.41607142375,43.22365644573256,True
test_midnight_daily_forecasts_diagnostic,Historical Average,,0.475,4,1.0,43,4128,1348,954,394,0.32655038759689925,0.2922848664688427,0.8317349607672189,2671.03329859025,1858.6172271665,812.41607142375,43.22365644573256,False
test_midnight_daily_forecasts_diagnostic,Historical Average,,0.5,4,1.0,43,4128,1190,895,295,0.2882751937984496,0.24789915966386555,0.7802964254577158,2427.64758704575,1769.8380240247498,657.809563021,41.159023814529064,True
test_midnight_daily_forecasts_diagnostic,Historical Average,,0.525,4,1.0,43,4128,1118,847,271,0.2708333333333333,0.24239713774597496,0.7384481255448997,2212.1174383185,1638.2629717652499,573.85446655325,38.09913887826163,True
test_midnight_daily_forecasts_diagnostic,Historical Average,,0.55,4,1.0,43,4128,1112,846,266,0.2693798449612403,0.2392086330935252,0.7375762859633828,2192.72576945925,1638.2296384319998,554.49613102725,38.09836368446511,True
test_midnight_daily_forecasts_diagnostic,Historical Average,,0.575,4,1.0,43,4128,998,803,195,0.24176356589147288,0.19539078156312625,0.7000871839581517,2020.7713743550003,1575.6081575857502,445.1632167692501,36.642050176412795,True
test_midnight_daily_forecasts_diagnostic,Historical Average,,0.6,4,1.0,43,4128,956,786,170,0.2315891472868217,0.17782426778242677,0.6852659110723627,1966.2254725855,1548.5913947080003,417.6340778775,36.013753365302335,True
test_midnight_daily_forecasts_diagnostic,Historical Average,,0.625,4,1.0,43,4128,956,786,170,0.2315891472868217,0.17782426778242677,0.6852659110723627,1966.2254725855,1548.5913947080003,417.6340778775,36.013753365302335,False
test_midnight_daily_forecasts_diagnostic,Historical Average,,0.65,4,1.0,43,4128,872,749,123,0.21124031007751937,0.14105504587155962,0.6530078465562337,1837.2129862445001,1478.2729653867502,358.94002085775,34.37844105550582,True
test_midnight_daily_forecasts_diagnostic,Historical Average,,0.675,4,1.0,43,4128,830,722,108,0.2010658914728682,0.13012048192771083,0.6294681778552746,1782.5919822895,1435.8299310955,346.76205119400004,33.391393746406976,True
test_midnight_daily_forecasts_diagnostic,Historical Average,,0.7,4,1.0,43,4128,794,697,97,0.1923449612403101,0.12216624685138538,0.6076721883173496,1669.1557675995,1351.4541455,317.7016220995,31.429166174418608,True
test_midnight_daily_forecasts_diagnostic,Historical Average,,0.725,4,1.0,43,4128,680,618,62,0.16472868217054262,0.09117647058823529,0.5387968613775065,1455.660781429,1254.3981083937501,201.26267303525003,29.172049032412794,True
test_midnight_daily_forecasts_diagnostic,Historical Average,,0.75,4,1.0,43,4128,588,552,36,0.14244186046511628,0.061224489795918366,0.4812554489973845,1200.53213063775,1087.952718521,112.57941211675,25.301226012116278,True
test_midnight_daily_forecasts_diagnostic,Historical Average,,0.775,4,1.0,43,4128,588,552,36,0.14244186046511628,0.061224489795918366,0.4812554489973845,1200.53213063775,1087.952718521,112.57941211675,25.301226012116278,False
test_midnight_daily_forecasts_diagnostic,Historical Average,,0.8,4,1.0,43,4128,467,440,27,0.11312984496124032,0.057815845824411134,0.3836094158674804,939.7595698152501,867.9304711660001,71.82909864925,20.184429562000002,True
test_midnight_daily_forecasts_diagnostic,Historical Average,,0.825,4,1.0,43,4128,366,353,13,0.08866279069767442,0.03551912568306011,0.3077593722755013,703.4889363395,658.0464069175,45.44252942200001,15.303404812034884,True
test_midnight_daily_forecasts_diagnostic,Historical Average,,0.85,4,1.0,43,4128,366,353,13,0.08866279069767442,0.03551912568306011,0.3077593722755013,703.4889363395,658.0464069175,45.44252942200001,15.303404812034884,False
test_midnight_daily_forecasts_diagnostic,Historical Average,,0.875,4,1.0,43,4128,318,307,11,0.07703488372093023,0.03459119496855346,0.26765475152571927,612.0886033585,569.24315726975,42.84544608875,13.238212959761627,True
test_midnight_daily_forecasts_diagnostic,Historical Average,,0.9,4,1.0,43,4128,174,174,0,0.04215116279069767,0.0,0.15170008718395817,249.14667954175002,249.14667954175002,0.0,5.794108826552326,True
test_midnight_daily_forecasts_diagnostic,Historical Average,,0.925,4,1.0,43,4128,174,174,0,0.04215116279069767,0.0,0.15170008718395817,249.14667954175002,249.14667954175002,0.0,5.794108826552326,False
test_midnight_daily_forecasts_diagnostic,Historical Average,,0.95,4,1.0,43,4128,66,66,0,0.015988372093023256,0.0,0.05754141238012206,94.623047827,94.623047827,0.0,2.200535995976744,False
test_midnight_daily_forecasts_diagnostic,LightGBM,,0.05,4,1.0,43,4128,2438,1121,1317,0.5906007751937985,0.5401968826907301,0.977332170880558,5821.3917402495,2244.17467959775,3577.21706065175,52.19010882785465,True
test_midnight_daily_forecasts_diagnostic,LightGBM,,0.075,4,1.0,43,4128,2277,1117,1160,0.5515988372093024,0.5094422485726834,0.97384481255449,5369.354557774,2237.81277170275,3131.54178607125,52.042157481459306,True
test_midnight_daily_forecasts_diagnostic,LightGBM,,0.1,4,1.0,43,4128,2084,1101,983,0.5048449612403101,0.4716890595009597,0.959895379250218,4845.482413961249,2212.46943858525,2633.0129753759998,51.45277764151744,True
test_midnight_daily_forecasts_diagnostic,LightGBM,,0.125,4,1.0,43,4128,1929,1085,844,0.467296511627907,0.43753240020736134,0.9459459459459459,4380.16316346825,2189.7703903397496,2190.3927731285,50.924892798598826,True
test_midnight_daily_forecasts_diagnostic,LightGBM,,0.15,4,1.0,43,4128,1781,1062,719,0.4314437984496124,0.4037057832678271,0.925893635571055,3933.1875850839997,2124.66366460175,1808.52392048225,49.410782897715116,True
test_midnight_daily_forecasts_diagnostic,LightGBM,,0.175,4,1.0,43,4128,1706,1049,657,0.4132751937984496,0.3851113716295428,0.9145597210113339,3685.88701925325,2083.403927761,1602.48309149225,48.45125413397675,True
test_midnight_daily_forecasts_diagnostic,LightGBM,,0.2,4,1.0,43,4128,1625,1029,596,0.3936531007751938,0.3667692307692308,0.8971229293809939,3470.3100096945,2031.8919111277498,1438.41809856675,47.25330025878488,True
test_midnight_daily_forecasts_diagnostic,LightGBM,,0.225,4,1.0,43,4128,1579,1021,558,0.38250968992248063,0.35338822039265355,0.8901482127288579,3312.5985109027497,2021.5382137594997,1291.06029714325,47.01251659905813,True
test_midnight_daily_forecasts_diagnostic,LightGBM,,0.25,4,1.0,43,4128,1508,996,512,0.3653100775193798,0.3395225464190981,0.8683522231909329,3120.6947726937497,1979.2372645047499,1141.4575081889998,46.02877359313372,True
test_midnight_daily_forecasts_diagnostic,LightGBM,,0.275,4,1.0,43,4128,1440,975,465,0.3488372093023256,0.3229166666666667,0.8500435919790759,2946.9267464605,1923.780911115,1023.1458353455,44.73909095616279,True
test_midnight_daily_forecasts_diagnostic,LightGBM,,0.3,4,1.0,43,4128,1366,960,406,0.33091085271317827,0.2972181551976574,0.8369659982563208,2697.327952747,1899.4710925139998,797.8568602329999,44.17374633753488,True
test_midnight_daily_forecasts_diagnostic,LightGBM,,0.325,4,1.0,43,4128,1336,951,385,0.3236434108527132,0.28817365269461076,0.8291194420226679,2653.7437920149996,1889.2500516629998,764.493740352,43.93604771309302,True
test_midnight_daily_forecasts_diagnostic,LightGBM,,0.35,4,1.0,43,4128,1296,935,361,0.313953488372093,0.2785493827160494,0.8151700087183958,2588.19012870825,1867.0583630675,721.13176564075,43.41996193180233,True
test_midnight_daily_forecasts_diagnostic,LightGBM,,0.375,4,1.0,43,4128,1275,929,346,0.30886627906976744,0.27137254901960783,0.8099389712292938,2525.24951157575,1853.43875195575,671.81075962,43.103226789668604,True
test_midnight_daily_forecasts_diagnostic,LightGBM,,0.4,4,1.0,43,4128,1246,921,325,0.3018410852713178,0.2608346709470305,0.8029642545771578,2456.68969194675,1825.94949701725,630.7401949294999,42.46394179109884,True
test_midnight_daily_forecasts_diagnostic,LightGBM,,0.425,4,1.0,43,4128,1204,904,300,0.2916666666666667,0.24916943521594684,0.7881429816913688,2375.69691613325,1801.2275813815,574.46933475175,41.8890135205,True
test_midnight_daily_forecasts_diagnostic,LightGBM,,0.45,4,1.0,43,4128,1158,878,280,0.2805232558139535,0.24179620034542315,0.7654751525719268,2303.714404799,1747.66480148575,556.04960331325,40.64336747641279,True
test_midnight_daily_forecasts_diagnostic,LightGBM,,0.475,4,1.0,43,4128,1127,854,273,0.27301356589147285,0.2422360248447205,0.7445510026155188,2252.78417836025,1700.39624171375,552.3879366465001,39.544098644505816,False
test_midnight_daily_forecasts_diagnostic,LightGBM,,0.5,4,1.0,43,4128,1105,843,262,0.26768410852713176,0.23710407239819004,0.7349607672188317,2207.2241839475,1682.81627654175,524.40790740575,39.13526224515698,True
test_midnight_daily_forecasts_diagnostic,LightGBM,,0.525,4,1.0,43,4128,1073,821,252,0.2599321705426357,0.23485554520037277,0.7157802964254577,2137.8631710565,1656.7502197935,481.112951263,38.52907487891861,True
test_midnight_daily_forecasts_diagnostic,LightGBM,,0.55,4,1.0,43,4128,1035,807,228,0.2507267441860465,0.22028985507246376,0.7035745422842197,2024.758760923,1631.8374127735,392.9213481495,37.949707273802325,True
test_midnight_daily_forecasts_diagnostic,LightGBM,,0.575,4,1.0,43,4128,1000,789,211,0.24224806201550386,0.211,0.6878814298169137,1981.6651315592499,1615.49094055075,366.1741910085,37.56955675699419,True
test_midnight_daily_forecasts_diagnostic,LightGBM,,0.6,4,1.0,43,4128,977,784,193,0.2366763565891473,0.19754350051177072,0.6835222319093287,1922.6030096354998,1615.07955166175,307.52345797374994,37.559989573529066,True
test_midnight_daily_forecasts_diagnostic,LightGBM,,0.625,4,1.0,43,4128,934,770,164,0.22625968992248063,0.17558886509635974,0.6713164777680907,1860.6141963512498,1592.78997825125,267.8242181,37.04162740119186,True
test_midnight_daily_forecasts_diagnostic,LightGBM,,0.65,4,1.0,43,4128,914,760,154,0.22141472868217055,0.16849015317286653,0.6625980819529207,1800.55880612925,1571.4501281050002,229.10867802425003,36.54535181639535,True
test_midnight_daily_forecasts_diagnostic,LightGBM,,0.675,4,1.0,43,4128,904,754,150,0.2189922480620155,0.16592920353982302,0.6573670444638187,1787.7968616845,1565.7467947712503,222.05006691325002,36.41271615747094,True
test_midnight_daily_forecasts_diagnostic,LightGBM,,0.7,4,1.0,43,4128,873,737,136,0.21148255813953487,0.15578465063001146,0.6425457715780296,1741.92012677625,1545.1188098637501,196.8013169125,35.932995578226745,True
test_midnight_daily_forecasts_diagnostic,LightGBM,,0.725,4,1.0,43,4128,824,704,120,0.1996124031007752,0.14563106796116504,0.6137750653879687,1645.7037107122499,1475.67883231125,170.024878401,34.318112379331396,True
test_midnight_daily_forecasts_diagnostic,LightGBM,,0.75,4,1.0,43,4128,799,683,116,0.1935562015503876,0.14518147684605756,0.5954664341761116,1585.0901117645,1416.30106669675,168.78904506775,32.93723410922674,True
test_midnight_daily_forecasts_diagnostic,LightGBM,,0.775,4,1.0,43,4128,765,658,107,0.18531976744186046,0.13986928104575164,0.5736704446381866,1517.7720052582501,1360.5999923530003,157.17201290525,31.641860287279076,True
test_midnight_daily_forecasts_diagnostic,LightGBM,,0.8,4,1.0,43,4128,719,619,100,0.1741763565891473,0.13908205841446453,0.5396687009590235,1404.6953394155,1249.82708812,154.8682512955,29.06574623534884,True
test_midnight_daily_forecasts_diagnostic,LightGBM,,0.825,4,1.0,43,4128,663,576,87,0.16061046511627908,0.13122171945701358,0.5021795989537925,1310.328806863,1161.9049634622502,148.42384340075,27.021045661912794,True
test_midnight_daily_forecasts_diagnostic,LightGBM,,0.85,4,1.0,43,4128,585,519,66,0.14171511627906977,0.11282051282051282,0.4524847428073234,1135.6949786794999,1010.2861294290001,125.4088492505,23.4950262657907,True
test_midnight_daily_forecasts_diagnostic,LightGBM,,0.875,4,1.0,43,4128,515,471,44,0.1247577519379845,0.0854368932038835,0.4106364428945074,1026.34801650675,918.45705870275,107.89095780399998,21.359466481459304,True
test_midnight_daily_forecasts_diagnostic,LightGBM,,0.9,4,1.0,43,4128,460,426,34,0.11143410852713179,0.07391304347826087,0.3714036617262424,888.9291213424999,801.1582461417499,87.77087520075,18.63158711957558,True
test_midnight_daily_forecasts_diagnostic,LightGBM,,0.925,4,1.0,43,4128,377,357,20,0.09132751937984496,0.05305039787798409,0.3112467306015693,742.108507714,668.32325824425,73.78524946975,15.542401354517443,True
test_midnight_daily_forecasts_diagnostic,LightGBM,,0.95,4,1.0,43,4128,265,254,11,0.06419573643410853,0.04150943396226415,0.22144725370531823,537.8782430785,493.9231551775,43.955087901,11.486585004127907,True
test_midnight_daily_forecasts_diagnostic,Random Forest,,0.05,4,1.0,43,4128,3185,1144,2041,0.7715600775193798,0.6408163265306123,0.997384481255449,8238.1821806805,2281.08697565125,5957.09520502925,53.04853431747094,True
test_midnight_daily_forecasts_diagnostic,Random Forest,,0.075,4,1.0,43,4128,2863,1132,1731,0.6935562015503876,0.6046105483758295,0.986922406277245,7000.200602430499,2214.79408800875,4785.406514421749,51.506839256017436,True
test_midnight_daily_forecasts_diagnostic,Random Forest,,0.1,4,1.0,43,4128,2531,1123,1408,0.6131298449612403,0.5563018569735283,0.979075850043592,5731.19325750725,2200.62701490875,3530.5662425985,51.17737243973837,True
test_midnight_daily_forecasts_diagnostic,Random Forest,,0.125,4,1.0,43,4128,2288,1112,1176,0.5542635658914729,0.513986013986014,0.969485614646905,4952.349635248,2174.562176457,2777.787458791,50.57121340597675,True
test_midnight_daily_forecasts_diagnostic,Random Forest,,0.15,4,1.0,43,4128,2112,1111,1001,0.5116279069767442,0.4739583333333333,0.9686137750653879,4498.0830675595,2168.981584352,2329.1014832074998,50.44143219423256,True
test_midnight_daily_forecasts_diagnostic,Random Forest,,0.175,4,1.0,43,4128,2030,1104,926,0.49176356589147285,0.45615763546798027,0.962510897994769,4294.19615595275,2128.8631632995,2165.3329926532497,49.508445658127904,True
test_midnight_daily_forecasts_diagnostic,Random Forest,,0.2,4,1.0,43,4128,1997,1103,894,0.48376937984496127,0.44767150726089133,0.9616390584132519,4212.73739666075,2127.68042520425,2085.0569714565,49.480940121029064,False
test_midnight_daily_forecasts_diagnostic,Random Forest,,0.225,4,1.0,43,4128,1939,1103,836,0.469718992248062,0.43115007735946365,0.9616390584132519,4020.313362179,2127.68042520425,1892.63293697475,49.480940121029064,True
test_midnight_daily_forecasts_diagnostic,Random Forest,,0.25,4,1.0,43,4128,1863,1100,763,0.45130813953488375,0.4095544820182501,0.9590235396687009,3776.3477716429998,2121.93443105275,1654.4133405902498,49.34731235006395,True
test_midnight_daily_forecasts_diagnostic,Random Forest,,0.275,4,1.0,43,4128,1735,1088,647,0.42030038759689925,0.3729106628242075,0.948561464690497,3371.3199993535004,2070.931693802,1300.3883055515,48.161202181441865,True
test_midnight_daily_forecasts_diagnostic,Random Forest,,0.3,4,1.0,43,4128,1642,1071,571,0.39777131782945735,0.34774665042630937,0.9337401918047079,3084.15725039875,2051.81959579675,1032.337654602,47.71673478597093,True
test_midnight_daily_forecasts_diagnostic,Random Forest,,0.325,4,1.0,43,4128,1529,1042,487,0.3703972868217054,0.3185088293001962,0.9084568439407149,2861.04263639125,2023.21515500625,837.827481385,47.05151523270349,True
test_midnight_daily_forecasts_diagnostic,Random Forest,,0.35,4,1.0,43,4128,1458,1022,436,0.35319767441860467,0.299039780521262,0.8910200523103748,2737.1184275515,1976.4191293054996,760.6992982460001,45.963235565244176,True
test_midnight_daily_forecasts_diagnostic,Random Forest,,0.375,4,1.0,43,4128,1409,1002,407,0.34132751937984496,0.28885734563520227,0.8735832606800349,2682.56823091575,1961.0683983107501,721.499832605,45.606241821180234,True
test_midnight_daily_forecasts_diagnostic,Random Forest,,0.4,4,1.0,43,4128,1376,990,386,0.3333333333333333,0.2805232558139535,0.8631211857018308,2637.5128787472504,1953.5517316439998,683.9611471032501,45.431435619627905,True
test_midnight_daily_forecasts_diagnostic,Random Forest,,0.425,4,1.0,43,4128,1331,978,353,0.3224321705426357,0.26521412471825695,0.8526591107236269,2495.1872823642498,1932.74307813475,562.4442042295,44.947513444994186,True
test_midnight_daily_forecasts_diagnostic,Random Forest,,0.45,4,1.0,43,4128,1314,970,344,0.3183139534883721,0.2617960426179604,0.8456843940714909,2456.688249425,1915.3275285977497,541.36072082725,44.54250066506395,True
test_midnight_daily_forecasts_diagnostic,Random Forest,,0.475,4,1.0,43,4128,1287,950,337,0.3117732558139535,0.2618492618492618,0.8282476024411508,2371.84868463475,1852.2753185217498,519.573366113,43.07617019818023,False
test_midnight_daily_forecasts_diagnostic,Random Forest,,0.5,4,1.0,43,4128,1233,912,321,0.29869186046511625,0.26034063260340634,0.7951176983435048,2274.0422616697497,1780.1919134417499,493.85034822800003,41.39981194050581,True
test_midnight_daily_forecasts_diagnostic,Random Forest,,0.525,4,1.0,43,4128,1193,889,304,0.28900193798449614,0.2548197820620285,0.7750653879686138,2156.7214187065,1703.41723731725,453.30418138925,39.61435435621512,True
test_midnight_daily_forecasts_diagnostic,Random Forest,,0.55,4,1.0,43,4128,1157,861,296,0.280281007751938,0.25583405358686256,0.7506538796861377,2113.432320708,1664.6397270382502,448.79259366975003,38.71255179158721,False
test_midnight_daily_forecasts_diagnostic,Random Forest,,0.575,4,1.0,43,4128,1101,813,288,0.26671511627906974,0.2615803814713896,0.7088055797733217,2018.28809653225,1587.0481460535002,431.23995047874996,36.90809641984884,False
test_midnight_daily_forecasts_diagnostic,Random Forest,,0.6,4,1.0,43,4128,1055,775,280,0.2555717054263566,0.26540284360189575,0.6756756756756757,1968.8790471697498,1543.8870556685,424.99199150124997,35.90435013182558,False
test_midnight_daily_forecasts_diagnostic,Random Forest,,0.625,4,1.0,43,4128,1006,756,250,0.2437015503875969,0.2485089463220676,0.6591107236268526,1883.3094639985,1504.34574262125,378.96372137725007,34.98478471212209,True
test_midnight_daily_forecasts_diagnostic,Random Forest,,0.65,4,1.0,43,4128,962,723,239,0.23304263565891473,0.24844074844074845,0.6303400174367916,1837.9027855055,1468.4326430762499,369.47014242925,34.14959635061046,True
test_midnight_daily_forecasts_diagnostic,Random Forest,,0.675,4,1.0,43,4128,926,704,222,0.2243217054263566,0.23974082073434125,0.6137750653879687,1774.2801870805001,1436.5211257894998,337.75906129099997,33.407468041616276,True
test_midnight_daily_forecasts_diagnostic,Random Forest,,0.7,4,1.0,43,4128,885,681,204,0.21438953488372092,0.2305084745762712,0.5937227550130776,1691.0566735940001,1366.8803532082502,324.17632038575005,31.78791519088954,True
test_midnight_daily_forecasts_diagnostic,Random Forest,,0.725,4,1.0,43,4128,787,628,159,0.19064922480620156,0.2020330368487929,0.5475152571926766,1475.95365269475,1235.90416309125,240.04948960349998,28.74195728119186,True
test_midnight_daily_forecasts_diagnostic,Random Forest,,0.75,4,1.0,43,4128,713,587,126,0.17272286821705427,0.1767180925666199,0.5117698343504795,1288.0195696739997,1122.8116224720002,165.20794720199999,26.11189819702326,True
test_midnight_daily_forecasts_diagnostic,Random Forest,,0.775,4,1.0,43,4128,651,545,106,0.15770348837209303,0.16282642089093702,0.47515257192676547,1182.4152571139998,1028.9088683915002,153.5063887225,23.92811321840698,True
test_midnight_daily_forecasts_diagnostic,Random Forest,,0.8,4,1.0,43,4128,583,504,79,0.14123062015503876,0.13550600343053174,0.43940714908456846,1097.60969936825,980.04009646325,117.569602905,22.79163015030814,True
test_midnight_daily_forecasts_diagnostic,Random Forest,,0.825,4,1.0,43,4128,465,411,54,0.11264534883720931,0.11612903225806452,0.3583260680034874,942.0241654345,838.13926282125,103.88490261324999,19.491610763284882,True
test_midnight_daily_forecasts_diagnostic,Random Forest,,0.85,4,1.0,43,4128,387,360,27,0.09375,0.06976744186046512,0.31386224934612034,791.5412335102501,705.616376584,85.92485692625,16.409683176372095,True
test_midnight_daily_forecasts_diagnostic,Random Forest,,0.875,4,1.0,43,4128,329,312,17,0.07969961240310078,0.05167173252279635,0.27201394943330426,698.8598701002501,636.5118249620001,62.34804513825,14.80260058051163,True
test_midnight_daily_forecasts_diagnostic,Random Forest,,0.9,4,1.0,43,4128,270,257,13,0.06540697674418605,0.04814814814814815,0.22406277244986922,596.5733016645,541.93211836875,54.64118329575,12.603072520203488,True
test_midnight_daily_forecasts_diagnostic,Random Forest,,0.925,4,1.0,43,4128,188,178,10,0.045542635658914726,0.05319148936170213,0.15518744551002617,402.338954703,359.54058390725004,42.79837079575,8.361408928075582,False
test_midnight_daily_forecasts_diagnostic,Random Forest,,0.95,4,1.0,43,4128,52,52,0,0.012596899224806201,0.0,0.045335658238884045,113.57855710800001,113.57855710800001,0.0,2.6413617932093025,True
test_midnight_daily_forecasts_diagnostic,Original Transformer,,0.05,4,1.0,43,4128,2777,1135,1642,0.6727228682170543,0.5912855599567879,0.9895379250217959,6824.260937779249,2250.532439831,4573.72849794825,52.337963717,True
test_midnight_daily_forecasts_diagnostic,Original Transformer,,0.075,4,1.0,43,4128,2499,1122,1377,0.6053779069767442,0.5510204081632653,0.978204010462075,5853.44397863625,2230.62158835125,3622.8223902850004,51.874920659331394,True
test_midnight_daily_forecasts_diagnostic,Original Transformer,,0.1,4,1.0,43,4128,2290,1116,1174,0.5547480620155039,0.5126637554585153,0.972972972972973,5124.014222863751,2216.771843286,2907.24237957775,51.5528335647907,True
test_midnight_daily_forecasts_diagnostic,Original Transformer,,0.125,4,1.0,43,4128,2133,1107,1026,0.5167151162790697,0.4810126582278481,0.96512641673932,4643.9147734865,2201.5846247199997,2442.3301487665003,51.19964243534883,True
test_midnight_daily_forecasts_diagnostic,Original Transformer,,0.15,4,1.0,43,4128,2074,1103,971,0.502422480620155,0.4681774349083896,0.9616390584132519,4477.890238149001,2184.88063736175,2293.0096007872503,50.811177613063954,True
test_midnight_daily_forecasts_diagnostic,Original Transformer,,0.175,4,1.0,43,4128,2033,1100,933,0.49249031007751937,0.4589276930644368,0.9590235396687009,4368.0368524945,2169.94565370175,2198.09119879275,50.463852411668604,True
test_midnight_daily_forecasts_diagnostic,Original Transformer,,0.2,4,1.0,43,4128,1974,1094,880,0.47819767441860467,0.4457953394123607,0.953792502179599,4166.22656211125,2149.774381771,2016.45218034025,49.994753064441866,True
test_midnight_daily_forecasts_diagnostic,Original Transformer,,0.225,4,1.0,43,4128,1891,1091,800,0.4580910852713178,0.4230565838180857,0.951176983435048,3997.10409539075,2139.5394037002497,1857.5646916904998,49.75673031861046,True
test_midnight_daily_forecasts_diagnostic,Original Transformer,,0.25,4,1.0,43,4128,1782,1054,728,0.4316860465116279,0.40852974186307517,0.918918918918919,3790.65617175125,2085.2818866625003,1705.3742850887502,48.494927596802334,True
test_midnight_daily_forecasts_diagnostic,Original Transformer,,0.275,4,1.0,43,4128,1668,1021,647,0.40406976744186046,0.38788968824940045,0.8901482127288579,3469.8366080647497,2007.03940623225,1462.7972018325001,46.675335028656974,True
test_midnight_daily_forecasts_diagnostic,Original Transformer,,0.3,4,1.0,43,4128,1580,991,589,0.38275193798449614,0.37278481012658227,0.8639930252833479,3239.6571284275,1947.1649104875,1292.49221794,45.28290489505814,True
test_midnight_daily_forecasts_diagnostic,Original Transformer,,0.325,4,1.0,43,4128,1510,971,539,0.36579457364341084,0.356953642384106,0.8465562336530078,3054.3982386524995,1895.9888691774997,1158.409369475,44.092764399476735,True
test_midnight_daily_forecasts_diagnostic,Original Transformer,,0.35,4,1.0,43,4128,1433,941,492,0.34714147286821706,0.3433356594556874,0.8204010462074979,2835.5136920697505,1797.93460843,1037.57908363975,41.81243275418605,True
test_midnight_daily_forecasts_diagnostic,Original Transformer,,0.375,4,1.0,43,4128,1358,906,452,0.32897286821705424,0.3328424153166421,0.7898866608544028,2639.912798319,1699.577501661,940.335296658,39.525058178162794,True
test_midnight_daily_forecasts_diagnostic,Original Transformer,,0.4,4,1.0,43,4128,1286,871,415,0.311531007751938,0.322706065318818,0.7593722755013078,2470.71390714075,1610.3072977534998,860.40660938725,37.4490069245,True
test_midnight_daily_forecasts_diagnostic,Original Transformer,,0.425,4,1.0,43,4128,1215,831,384,0.29433139534883723,0.3160493827160494,0.7244986922406277,2278.98793104475,1500.6232561172499,778.3646749275,34.898215258540695,True
test_midnight_daily_forecasts_diagnostic,Original Transformer,,0.45,4,1.0,43,4128,1144,793,351,0.2771317829457364,0.3068181818181818,0.6913687881429816,2098.0447905555,1411.0173432255,687.0274473300001,32.81435681919768,True
test_midnight_daily_forecasts_diagnostic,Original Transformer,,0.475,4,1.0,43,4128,1043,733,310,0.25266472868217055,0.2972195589645254,0.6390584132519617,1853.8659317514998,1283.0770891365,570.788842615,29.839002072941863,True
test_midnight_daily_forecasts_diagnostic,Original Transformer,,0.5,4,1.0,43,4128,944,678,266,0.22868217054263565,0.2817796610169492,0.5911072362685266,1650.05019662475,1165.5757626412499,484.47443398350003,27.10641308468023,True
test_midnight_daily_forecasts_diagnostic,Original Transformer,,0.525,4,1.0,43,4128,858,625,233,0.20784883720930233,0.2715617715617716,0.5448997384481256,1445.6787600972498,1042.34404248575,403.3347176115,24.24055912757558,True
test_midnight_daily_forecasts_diagnostic,Original Transformer,,0.55,4,1.0,43,4128,769,568,201,0.18628875968992248,0.2613784135240572,0.4952048823016565,1292.9856553567502,964.3891084175,328.59654693925006,22.427653684127907,True
test_midnight_daily_forecasts_diagnostic,Original Transformer,,0.575,4,1.0,43,4128,693,528,165,0.16787790697674418,0.23809523809523808,0.46033129904097647,1106.216007468,916.7953209220001,189.420686546,21.3208214167907,True
test_midnight_daily_forecasts_diagnostic,Original Transformer,,0.6,4,1.0,43,4128,646,496,150,0.1564922480620155,0.23219814241486067,0.43243243243243246,1016.1521362404999,867.186088605,148.9660476355,20.167118339651164,True
test_midnight_daily_forecasts_diagnostic,Original Transformer,,0.625,4,1.0,43,4128,621,477,144,0.1504360465116279,0.2318840579710145,0.41586748038360943,986.55680941025,844.9521872135,141.60462219675,19.65005086543023,True
test_midnight_daily_forecasts_diagnostic,Original Transformer,,0.65,4,1.0,43,4128,584,450,134,0.14147286821705427,0.22945205479452055,0.3923278116826504,934.32605311725,798.8088202517499,135.5172328655,18.576949308180232,True
test_midnight_daily_forecasts_diagnostic,Original Transformer,,0.675,4,1.0,43,4128,542,421,121,0.1312984496124031,0.22324723247232472,0.36704446381865735,900.079398328,771.255405595,128.823992733,17.936172223139533,True
test_midnight_daily_forecasts_diagnostic,Original Transformer,,0.7,4,1.0,43,4128,495,391,104,0.11991279069767442,0.2101010101010101,0.34088927637314737,848.7321786315001,733.1159309959999,115.6162476355,17.04920769758139,True
test_midnight_daily_forecasts_diagnostic,Original Transformer,,0.725,4,1.0,43,4128,440,354,86,0.1065891472868217,0.19545454545454546,0.3086312118570183,780.38824990375,688.2258505852501,92.16239931850001,16.005252339191863,True
test_midnight_daily_forecasts_diagnostic,Original Transformer,,0.75,4,1.0,43,4128,386,320,66,0.0935077519379845,0.17098445595854922,0.27898866608544026,712.960550792,635.7850886087501,77.17546218325,14.785699735087212,True
test_midnight_daily_forecasts_diagnostic,Original Transformer,,0.775,4,1.0,43,4128,332,283,49,0.08042635658914729,0.14759036144578314,0.24673060156931126,631.394757174,568.5579207229999,62.836836451,13.222277226116278,True
test_midnight_daily_forecasts_diagnostic,Original Transformer,,0.8,4,1.0,43,4128,280,246,34,0.06782945736434108,0.12142857142857143,0.21447253705318223,552.3513859275,501.80232030950003,50.549065618,11.669821402546512,True
test_midnight_daily_forecasts_diagnostic,Original Transformer,,0.825,4,1.0,43,4128,211,196,15,0.05111434108527132,0.07109004739336493,0.17088055797733218,440.67734041074993,418.93594292250003,21.74139748825,9.742696347034885,True
test_midnight_daily_forecasts_diagnostic,Original Transformer,,0.85,4,1.0,43,4128,102,96,6,0.024709302325581394,0.058823529411764705,0.08369659982563209,305.76981900600003,292.2875881835,13.4822308225,6.797385771709303,True
test_midnight_daily_forecasts_diagnostic,Original Transformer,,0.875,4,1.0,43,4128,52,48,4,0.012596899224806201,0.07692307692307693,0.041848299912816043,187.38964821975,180.86520979525,6.5244384244999996,4.206167669656977,False
test_midnight_daily_forecasts_diagnostic,Original Transformer,,0.9,4,1.0,43,4128,31,28,3,0.0075096899224806205,0.0967741935483871,0.024411508282476024,101.53218494,97.43921710375,4.092967836250001,2.266028304738372,False
test_midnight_daily_forecasts_diagnostic,Original Transformer,,0.925,4,1.0,43,4128,14,13,1,0.003391472868217054,0.07142857142857142,0.011333914559721011,24.62048903475,23.576739034750002,1.0437500000000002,0.548296256622093,False
test_midnight_daily_forecasts_diagnostic,Original Transformer,,0.95,4,1.0,43,4128,0,0,0,0.0,0.0,0.0,0.0,0.0,0.0,0.0,True
test_midnight_daily_forecasts_diagnostic,DLinear,,0.05,4,1.0,43,4128,4082,1147,2935,0.9888565891472868,0.7190102890739833,1.0,11829.97407591325,2296.604158712,9533.36991720125,53.40939903981395,False
test_midnight_daily_forecasts_diagnostic,DLinear,,0.075,4,1.0,43,4128,4001,1147,2854,0.969234496124031,0.7133216695826043,1.0,11608.980843039499,2296.604158712,9312.3766843275,53.40939903981395,True
test_midnight_daily_forecasts_diagnostic,DLinear,,0.1,4,1.0,43,4128,3964,1142,2822,0.9602713178294574,0.7119071644803229,0.995640802092415,11491.876780945498,2276.6179467247503,9215.258834220751,52.94460341220349,False
test_midnight_daily_forecasts_diagnostic,DLinear,,0.125,4,1.0,43,4128,3932,1142,2790,0.9525193798449613,0.7095625635808749,0.995640802092415,11402.646081558749,2276.6179467247503,9126.028134834,52.94460341220349,True
test_midnight_daily_forecasts_diagnostic,DLinear,,0.15,4,1.0,43,4128,3887,1141,2746,0.9416182170542635,0.7064574221764858,0.994768962510898,11260.910267095249,2270.85628005725,8990.053987038,52.81061116412209,True
test_midnight_daily_forecasts_diagnostic,DLinear,,0.175,4,1.0,43,4128,3842,1138,2704,0.9307170542635659,0.7038001041124414,0.992153443766347,11127.6147511095,2266.37792479475,8861.236826314751,52.70646336731977,True
test_midnight_daily_forecasts_diagnostic,DLinear,,0.2,4,1.0,43,4128,3803,1133,2670,0.9212693798449613,0.7020773073889035,0.987794245858762,11020.105152381751,2248.775253224,8771.32989915775,52.29709891218605,True
test_midnight_daily_forecasts_diagnostic,DLinear,,0.225,4,1.0,43,4128,3705,1116,2589,0.8975290697674418,0.6987854251012146,0.972972972972973,10664.35875029175,2184.01161500325,8480.347135288499,50.79096779077326,True
test_midnight_daily_forecasts_diagnostic,DLinear,,0.25,4,1.0,43,4128,3608,1104,2504,0.874031007751938,0.6940133037694013,0.962510897994769,10378.22265631475,2154.1510231497496,8224.071633165,50.0965354220872,True
test_midnight_daily_forecasts_diagnostic,DLinear,,0.275,4,1.0,43,4128,3263,1025,2238,0.7904554263565892,0.6858718970272755,0.8936355710549259,9324.961789023,2057.14069263275,7267.821096390251,47.84048122401744,True
test_midnight_daily_forecasts_diagnostic,DLinear,,0.3,4,1.0,43,4128,2960,966,1994,0.7170542635658915,0.6736486486486486,0.8421970357454228,8302.078245972749,1919.4153941882498,6382.6628517845,44.63756730670348,True
test_midnight_daily_forecasts_diagnostic,DLinear,,0.325,4,1.0,43,4128,2537,896,1641,0.6145833333333334,0.6468269609775326,0.7811682650392328,7049.028988564,1784.569913881,5264.459074683,41.501625904209305,True
test_midnight_daily_forecasts_diagnostic,DLinear,,0.35,4,1.0,43,4128,1892,808,1084,0.4583333333333333,0.572938689217759,0.7044463818657367,4969.31159180475,1628.4537790312497,3340.8578127735,37.87101811700581,True
test_midnight_daily_forecasts_diagnostic,DLinear,,0.375,4,1.0,43,4128,1540,763,777,0.37306201550387597,0.5045454545454545,0.6652136006974717,3935.1645573335,1568.00956411475,2367.15499321875,36.465338700343025,True
test_midnight_daily_forecasts_diagnostic,DLinear,,0.4,4,1.0,43,4128,1369,741,628,0.3316375968992248,0.4587289992695398,0.6460331299040977,3375.7057820990003,1526.89461528575,1848.8111668132499,35.509177099668605,True
test_midnight_daily_forecasts_diagnostic,DLinear,,0.425,4,1.0,43,4128,1296,728,568,0.313953488372093,0.4382716049382716,0.6346992153443767,3221.51579948625,1514.6384551547499,1706.8773443315,35.224150119877905,True
test_midnight_daily_forecasts_diagnostic,DLinear,,0.45,4,1.0,43,4128,1247,708,539,0.3020833333333333,0.4322373696872494,0.6172624237140366,3097.0296460685,1485.5071101272501,1611.5225359412502,34.54667697970349,True
test_midnight_daily_forecasts_diagnostic,DLinear,,0.475,4,1.0,43,4128,1193,692,501,0.28900193798449614,0.41994970662196146,0.6033129904097646,2948.7787306597497,1456.0750642565,1492.70366640325,33.86221079666279,True
test_midnight_daily_forecasts_diagnostic,DLinear,,0.5,4,1.0,43,4128,1154,670,484,0.27955426356589147,0.4194107452339688,0.5841325196163906,2903.3203258189997,1439.01345077925,1464.30687503975,33.46542908788953,True
test_midnight_daily_forecasts_diagnostic,DLinear,,0.525,4,1.0,43,4128,1097,642,455,0.2657461240310077,0.41476754785779396,0.5597210113339146,2789.65230125125,1378.4113962420001,1411.2409050092501,32.0560789823721,True
test_midnight_daily_forecasts_diagnostic,DLinear,,0.55,4,1.0,43,4128,1053,617,436,0.2550872093023256,0.4140550807217474,0.5379250217959896,2722.2213478632502,1357.9132809174998,1364.30806694575,31.57937862598837,True
test_midnight_daily_forecasts_diagnostic,DLinear,,0.575,4,1.0,43,4128,989,578,411,0.23958333333333334,0.4155712841253792,0.5039232781168265,2613.17574787775,1321.1391237532498,1292.0366241245,30.72416566868023,False
test_midnight_daily_forecasts_diagnostic,DLinear,,0.6,4,1.0,43,4128,928,553,375,0.2248062015503876,0.4040948275862069,0.48212728857890147,2499.5597836282495,1280.986849661,1218.5729339672498,29.790391852581394,True
test_midnight_daily_forecasts_diagnostic,DLinear,,0.625,4,1.0,43,4128,878,522,356,0.2126937984496124,0.4054669703872437,0.45510026155187444,2387.574901148,1212.7348684925,1174.8400326555,28.203136476569767,False
test_midnight_daily_forecasts_diagnostic,DLinear,,0.65,4,1.0,43,4128,813,491,322,0.19694767441860464,0.3960639606396064,0.4280732345248474,2243.6900090587496,1139.6290763112502,1104.0609327475,26.503001774680236,True
test_midnight_daily_forecasts_diagnostic,DLinear,,0.675,4,1.0,43,4128,736,438,298,0.17829457364341086,0.4048913043478261,0.3818657367044464,2094.6182339300003,1053.7313797425,1040.8868541875,24.505380924244186,False
test_midnight_daily_forecasts_diagnostic,DLinear,,0.7,4,1.0,43,4128,655,386,269,0.15867248062015504,0.41068702290076337,0.3365300784655623,1849.63188592725,923.492584155,926.13930177225,21.476571724534885,False
test_midnight_daily_forecasts_diagnostic,DLinear,,0.725,4,1.0,43,4128,538,307,231,0.1303294573643411,0.42936802973977695,0.26765475152571927,1521.8774584095,745.50278327275,776.37467513675,17.337274029598838,False
test_midnight_daily_forecasts_diagnostic,DLinear,,0.75,4,1.0,43,4128,439,235,204,0.1063468992248062,0.4646924829157175,0.2048823016564952,1196.6376365429999,528.28527018675,668.35236635625,12.285703957831396,False
test_midnight_daily_forecasts_diagnostic,DLinear,,0.775,4,1.0,43,4128,343,180,163,0.08309108527131782,0.4752186588921283,0.15693112467306017,883.09860121925,387.25423137425,495.8443698450001,9.005912357540698,False
test_midnight_daily_forecasts_diagnostic,DLinear,,0.8,4,1.0,43,4128,266,119,147,0.06443798449612403,0.5526315789473685,0.1037489102005231,705.1781252265,254.84342862750003,450.334696599,5.926591363430234,False
test_midnight_daily_forecasts_diagnostic,DLinear,,0.825,4,1.0,43,4128,250,111,139,0.060562015503875966,0.556,0.0967741935483871,654.8614503377501,225.28134529425,429.5801050435,5.239101053354651,False
test_midnight_daily_forecasts_diagnostic,DLinear,,0.85,4,1.0,43,4128,181,96,85,0.0438468992248062,0.4696132596685083,0.08369659982563209,494.97202145150004,199.713660393,295.2583610585,4.644503730069768,False
test_midnight_daily_forecasts_diagnostic,DLinear,,0.875,4,1.0,43,4128,155,87,68,0.0375484496124031,0.43870967741935485,0.07585004359197908,421.53109268625,185.0878424105,236.44325027575,4.304368428151163,False
test_midnight_daily_forecasts_diagnostic,DLinear,,0.9,4,1.0,43,4128,115,69,46,0.027858527131782947,0.4,0.06015693112467306,276.133785558,124.9203797635,151.2134057945,2.9051251107790694,False
test_midnight_daily_forecasts_diagnostic,DLinear,,0.925,4,1.0,43,4128,91,61,30,0.022044573643410854,0.32967032967032966,0.05318221447253706,211.81172832299998,107.1734133875,104.6383149355,2.4924049625,True
test_midnight_daily_forecasts_diagnostic,DLinear,,0.95,4,1.0,43,4128,35,31,4,0.008478682170542635,0.11428571428571428,0.02702702702702703,99.91618988675,79.2219053475,20.69428453925,1.8423698918023255,True
test_midnight_daily_forecasts_diagnostic,Seasonal-Transformer Blend,,0.05,4,1.0,43,4128,2955,1131,1824,0.715843023255814,0.617258883248731,0.986050566695728,7443.01218400325,2253.023571411,5189.98861259225,52.39589700955814,True
test_midnight_daily_forecasts_diagnostic,Seasonal-Transformer Blend,,0.075,4,1.0,43,4128,2608,1130,1478,0.6317829457364341,0.566717791411043,0.985178727114211,6201.984442872499,2250.652932522,3951.3315103505,52.34076587260465,True
test_midnight_daily_forecasts_diagnostic,Seasonal-Transformer Blend,,0.1,4,1.0,43,4128,2297,1114,1183,0.5564437984496124,0.5150195907705704,0.9712292938099389,5178.18438110375,2202.02768392875,2976.156697175,51.20994613787791,True
test_midnight_daily_forecasts_diagnostic,Seasonal-Transformer Blend,,0.125,4,1.0,43,4128,2190,1109,1081,0.5305232558139535,0.49360730593607305,0.966870095902354,4800.72625264825,2182.1715655085,2618.55468713975,50.74817594205814,True
test_midnight_daily_forecasts_diagnostic,Seasonal-Transformer Blend,,0.15,4,1.0,43,4128,2049,1103,946,0.49636627906976744,0.46168862859931675,0.9616390584132519,4358.8442619,2172.44988766175,2186.39437423825,50.52209041073837,True
test_midnight_daily_forecasts_diagnostic,Seasonal-Transformer Blend,,0.175,4,1.0,43,4128,1989,1098,891,0.48183139534883723,0.4479638009049774,0.9572798605056669,4205.4279334395,2156.13785571425,2049.29007772525,50.14274083056395,True
test_midnight_daily_forecasts_diagnostic,Seasonal-Transformer Blend,,0.2,4,1.0,43,4128,1952,1092,860,0.4728682170542636,0.4405737704918033,0.9520488230165649,4054.4038334802494,2135.118419311,1919.28541416925,49.653916728162784,False
test_midnight_daily_forecasts_diagnostic,Seasonal-Transformer Blend,,0.225,4,1.0,43,4128,1924,1092,832,0.46608527131782945,0.43243243243243246,0.9520488230165649,3988.35937471275,2135.118419311,1853.24095540175,49.653916728162784,True
test_midnight_daily_forecasts_diagnostic,Seasonal-Transformer Blend,,0.25,4,1.0,43,4128,1893,1091,802,0.4585755813953488,0.42366613840464873,0.951176983435048,3887.0977761585,2135.088419311,1752.0093568475002,49.65321905374419,True
test_midnight_daily_forecasts_diagnostic,Seasonal-Transformer Blend,,0.275,4,1.0,43,4128,1826,1086,740,0.4423449612403101,0.40525739320920046,0.946817785527463,3759.0978892905,2134.5212263285,1624.576662962,49.64002851926744,True
test_midnight_daily_forecasts_diagnostic,Seasonal-Transformer Blend,,0.3,4,1.0,43,4128,1755,1081,674,0.4251453488372093,0.38404558404558403,0.942458587619878,3593.3339206115,2123.9350459885,1469.398874623,49.39383827880233,True
test_midnight_daily_forecasts_diagnostic,Seasonal-Transformer Blend,,0.325,4,1.0,43,4128,1649,1073,576,0.3994670542635659,0.3493026076409945,0.9354838709677419,3315.491743908,2109.9919441165002,1205.4997997915,49.06958009573256,True
test_midnight_daily_forecasts_diagnostic,Seasonal-Transformer Blend,,0.35,4,1.0,43,4128,1540,1044,496,0.37306201550387597,0.3220779220779221,0.9102005231037489,3077.2777028017495,2057.8599717197494,1019.417731082,47.85720864464533,True
test_midnight_daily_forecasts_diagnostic,Seasonal-Transformer Blend,,0.375,4,1.0,43,4128,1476,1022,454,0.35755813953488375,0.3075880758807588,0.8910200523103748,2927.39421888175,2019.9218246589999,907.47239422275,46.97492615486046,True
test_midnight_daily_forecasts_diagnostic,Seasonal-Transformer Blend,,0.4,4,1.0,43,4128,1378,961,417,0.3338178294573643,0.3026124818577649,0.8378378378378378,2697.6691017102494,1877.000417775,820.6686839352499,43.65117250639535,True
test_midnight_daily_forecasts_diagnostic,Seasonal-Transformer Blend,,0.425,4,1.0,43,4128,1281,922,359,0.31031976744186046,0.28024980483996875,0.8038360941586749,2480.6697036912497,1795.7546602779998,684.91504341325,41.76173628553488,True
test_midnight_daily_forecasts_diagnostic,Seasonal-Transformer Blend,,0.45,4,1.0,43,4128,1210,880,330,0.2931201550387597,0.2727272727272727,0.7672188317349607,2275.80340109975,1662.33146445375,613.4719366459999,38.658871266366276,True
test_midnight_daily_forecasts_diagnostic,Seasonal-Transformer Blend,,0.475,4,1.0,43,4128,1158,853,305,0.2805232558139535,0.26338514680483593,0.7436791630340017,2169.989985946,1615.50484754875,554.48513839725,37.56988017555232,True
test_midnight_daily_forecasts_diagnostic,Seasonal-Transformer Blend,,0.5,4,1.0,43,4128,1128,843,285,0.27325581395348836,0.2526595744680851,0.7349607672188317,2115.7376129222503,1597.21136801625,518.526244906,37.14445041898256,True
test_midnight_daily_forecasts_diagnostic,Seasonal-Transformer Blend,,0.525,4,1.0,43,4128,1081,826,255,0.2618701550387597,0.23589269195189638,0.7201394943330427,2030.25952895625,1546.8858543104998,483.37367464575,35.9740896351279,True
test_midnight_daily_forecasts_diagnostic,Seasonal-Transformer Blend,,0.55,4,1.0,43,4128,1032,803,229,0.25,0.22189922480620156,0.7000871839581517,1918.5581786710002,1495.8361542184998,422.7220244525,34.78688730740697,True
test_midnight_daily_forecasts_diagnostic,Seasonal-Transformer Blend,,0.575,4,1.0,43,4128,980,775,205,0.2374031007751938,0.20918367346938777,0.6756756756756757,1791.198357451,1437.969882242,353.22847520900007,33.44116005213954,True
test_midnight_daily_forecasts_diagnostic,Seasonal-Transformer Blend,,0.6,4,1.0,43,4128,927,744,183,0.2245639534883721,0.19741100323624594,0.6486486486486487,1699.3293548885,1374.44616032875,324.88319455975,31.96386419369186,True
test_midnight_daily_forecasts_diagnostic,Seasonal-Transformer Blend,,0.625,4,1.0,43,4128,852,701,151,0.2063953488372093,0.1772300469483568,0.6111595466434177,1575.06633276125,1321.74602745125,253.32030531000004,30.738279708168605,True
test_midnight_daily_forecasts_diagnostic,Seasonal-Transformer Blend,,0.65,4,1.0,43,4128,756,633,123,0.18313953488372092,0.1626984126984127,0.5518744551002616,1410.383772827,1206.2038034114998,204.1799694155,28.051251242127904,True
test_midnight_daily_forecasts_diagnostic,Seasonal-Transformer Blend,,0.675,4,1.0,43,4128,629,541,88,0.15237403100775193,0.13990461049284578,0.47166521360069746,1165.4489568175,999.81762241975,165.63133439775,23.25157261441279,True
test_midnight_daily_forecasts_diagnostic,Seasonal-Transformer Blend,,0.7,4,1.0,43,4128,501,459,42,0.12136627906976744,0.08383233532934131,0.4001743679163034,939.3657597430001,841.1113001295,98.2544596135,19.560727909988373,True
test_midnight_daily_forecasts_diagnostic,Seasonal-Transformer Blend,,0.725,4,1.0,43,4128,414,382,32,0.1002906976744186,0.07729468599033816,0.3330427201394943,794.3086857585,704.7620733672501,89.54661239125001,16.38981565970349,True
test_midnight_daily_forecasts_diagnostic,Seasonal-Transformer Blend,,0.75,4,1.0,43,4128,356,347,9,0.08624031007751938,0.025280898876404494,0.3025283347863993,679.635542108,648.49875263375,31.136789474249998,15.081366340319766,True
test_midnight_daily_forecasts_diagnostic,Seasonal-Transformer Blend,,0.775,4,1.0,43,4128,301,299,2,0.07291666666666667,0.006644518272425249,0.26068003487358327,566.9274587762501,566.8512087762501,0.07625,13.182586250610468,True
test_midnight_daily_forecasts_diagnostic,Seasonal-Transformer Blend,,0.8,4,1.0,43,4128,249,249,0,0.06031976744186047,0.0,0.21708805579773321,457.8951735925,457.8951735925,0.0,10.648724967267441,True
test_midnight_daily_forecasts_diagnostic,Seasonal-Transformer Blend,,0.825,4,1.0,43,4128,233,233,0,0.056443798449612406,0.0,0.2031386224934612,415.18705854525,415.18705854525,0.0,9.65551298942442,False
test_midnight_daily_forecasts_diagnostic,Seasonal-Transformer Blend,,0.85,4,1.0,43,4128,205,205,0,0.04966085271317829,0.0,0.17872711421098517,350.69130342625,350.69130342625,0.0,8.155611707587209,False
test_midnight_daily_forecasts_diagnostic,Seasonal-Transformer Blend,,0.875,4,1.0,43,4128,176,176,0,0.04263565891472868,0.0,0.15344376634699217,311.50681376925,311.50681376925,0.0,7.244344506261628,False
test_midnight_daily_forecasts_diagnostic,Seasonal-Transformer Blend,,0.9,4,1.0,43,4128,50,50,0,0.012112403100775194,0.0,0.043591979075850044,143.777468042,143.777468042,0.0,3.3436620474883725,False
test_midnight_daily_forecasts_diagnostic,Seasonal-Transformer Blend,,0.925,4,1.0,43,4128,0,0,0,0.0,0.0,0.0,0.0,0.0,0.0,0.0,False
test_midnight_daily_forecasts_diagnostic,Seasonal-Transformer Blend,,0.95,4,1.0,43,4128,0,0,0,0.0,0.0,0.0,0.0,0.0,0.0,0.0,False
test_midnight_daily_forecasts_diagnostic,Hybrid Seasonal-GBDT-Transformer,,0.05,4,1.0,43,4128,2668,1132,1536,0.6463178294573644,0.5757121439280359,0.986922406277245,6473.111142775,2248.6431956795004,4224.4679470955,52.29402780650001,True
test_midnight_daily_forecasts_diagnostic,Hybrid Seasonal-GBDT-Transformer,,0.075,4,1.0,43,4128,2443,1124,1319,0.591812015503876,0.5399099467867376,0.979947689625109,5769.29491638975,2243.58967959775,3525.705236792,52.176504176691864,True
test_midnight_daily_forecasts_diagnostic,Hybrid Seasonal-GBDT-Transformer,,0.1,4,1.0,43,4128,2284,1121,1163,0.5532945736434108,0.5091943957968477,0.977332170880558,5262.2830898345,2228.0930348602496,3034.1900549742504,51.81611708977325,True
test_midnight_daily_forecasts_diagnostic,Hybrid Seasonal-GBDT-Transformer,,0.125,4,1.0,43,4128,2130,1118,1012,0.5159883720930233,0.4751173708920188,0.974716652136007,4789.41347992525,2218.3245994034996,2571.08888052175,51.58894417217441,True
test_midnight_daily_forecasts_diagnostic,Hybrid Seasonal-GBDT-Transformer,,0.15,4,1.0,43,4128,1994,1110,884,0.48304263565891475,0.44332998996990974,0.967741935483871,4384.92455052125,2205.60378800025,2179.320762521,51.29311134884302,True
test_midnight_daily_forecasts_diagnostic,Hybrid Seasonal-GBDT-Transformer,,0.175,4,1.0,43,4128,1902,1106,796,0.46075581395348836,0.4185068349106204,0.9642545771578029,4151.366777807751,2200.7771724494996,1950.5896053582499,51.180864475569756,True
test_midnight_daily_forecasts_diagnostic,Hybrid Seasonal-GBDT-Transformer,,0.2,4,1.0,43,4128,1831,1100,731,0.4435562015503876,0.3992353904969962,0.9590235396687009,3907.91286489775,2176.1392704025,1731.77359449525,50.60789000936047,True
test_midnight_daily_forecasts_diagnostic,Hybrid Seasonal-GBDT-Transformer,,0.225,4,1.0,43,4128,1731,1092,639,0.41933139534883723,0.36915077989601386,0.9520488230165649,3543.269646304,2147.0861505175,1396.1834957864999,49.93223605854651,True
test_midnight_daily_forecasts_diagnostic,Hybrid Seasonal-GBDT-Transformer,,0.25,4,1.0,43,4128,1638,1053,585,0.39680232558139533,0.35714285714285715,0.9180470793374019,3306.0819454770003,2040.0756718264997,1266.0062736505,47.443620275034874,True
test_midnight_daily_forecasts_diagnostic,Hybrid Seasonal-GBDT-Transformer,,0.275,4,1.0,43,4128,1544,1036,508,0.374031007751938,0.3290155440414508,0.9032258064516129,3073.15053663125,1996.1564108602502,1076.994125771,46.42224211302907,True
test_midnight_daily_forecasts_diagnostic,Hybrid Seasonal-GBDT-Transformer,,0.3,4,1.0,43,4128,1469,1015,454,0.3558624031007752,0.30905377808032675,0.8849171752397559,2899.2399770425,1986.8809315367498,912.35904550575,46.20653329155232,True
test_midnight_daily_forecasts_diagnostic,Hybrid Seasonal-GBDT-Transformer,,0.325,4,1.0,43,4128,1397,984,413,0.3384205426356589,0.2956335003579098,0.8578901482127289,2769.75469901,1934.3337267934999,835.4209722165,44.98450527426744,True
test_midnight_daily_forecasts_diagnostic,Hybrid Seasonal-GBDT-Transformer,,0.35,4,1.0,43,4128,1339,963,376,0.3243701550387597,0.280806572068708,0.8395815170008718,2643.4712155660004,1902.5653203622498,740.90589520375,44.245705124703484,True
test_midnight_daily_forecasts_diagnostic,Hybrid Seasonal-GBDT-Transformer,,0.375,4,1.0,43,4128,1307,951,356,0.3166182170542636,0.2723794950267789,0.8291194420226679,2556.2704963957503,1879.7460235762499,676.5244728195,43.715023804098834,True
test_midnight_daily_forecasts_diagnostic,Hybrid Seasonal-GBDT-Transformer,,0.4,4,1.0,43,4128,1243,923,320,0.3011143410852713,0.2574416733708769,0.8047079337401918,2399.797060646,1834.25123458225,565.5458260637499,42.65700545540116,True
test_midnight_daily_forecasts_diagnostic,Hybrid Seasonal-GBDT-Transformer,,0.425,4,1.0,43,4128,1201,895,306,0.2909399224806202,0.2547876769358868,0.7802964254577158,2312.69323192475,1777.4553755235,535.2378564012499,41.33617152380232,True
test_midnight_daily_forecasts_diagnostic,Hybrid Seasonal-GBDT-Transformer,,0.45,4,1.0,43,4128,1161,877,284,0.28125,0.2446167097329888,0.7646033129904097,2236.27202355625,1737.9526144389997,498.3194091172501,40.41750266137208,True
test_midnight_daily_forecasts_diagnostic,Hybrid Seasonal-GBDT-Transformer,,0.475,4,1.0,43,4128,1126,863,263,0.27277131782945735,0.23357015985790408,0.7523975588491717,2153.2731885405,1700.27277379325,453.00041474725003,39.541227297517445,True
test_midnight_daily_forecasts_diagnostic,Hybrid Seasonal-GBDT-Transformer,,0.5,4,1.0,43,4128,1106,851,255,0.26792635658914726,0.23056057866184448,0.7419354838709677,2124.17344814975,1679.9714137124997,444.20203443725006,39.069102644476736,True
test_midnight_daily_forecasts_diagnostic,Hybrid Seasonal-GBDT-Transformer,,0.525,4,1.0,43,4128,1067,828,239,0.25847868217054265,0.22399250234301782,0.7218831734960767,2073.857113684,1645.97572442525,427.88138925875,38.278505219191864,True
test_midnight_daily_forecasts_diagnostic,Hybrid Seasonal-GBDT-Transformer,,0.55,4,1.0,43,4128,1027,804,223,0.24878875968992248,0.2171372930866602,0.7009590235396687,2031.40472091675,1629.509588214,401.89513270275,37.89557181893023,True
test_midnight_daily_forecasts_diagnostic,Hybrid Seasonal-GBDT-Transformer,,0.575,4,1.0,43,4128,992,782,210,0.24031007751937986,0.21169354838709678,0.6817785527462947,1981.757243921,1603.99171906025,377.76552486075,37.30213300140117,True
test_midnight_daily_forecasts_diagnostic,Hybrid Seasonal-GBDT-Transformer,,0.6,4,1.0,43,4128,959,769,190,0.2323158914728682,0.1981230448383733,0.6704446381865736,1933.5349889555,1585.8742354002502,347.66075355525004,36.88079617209884,True
test_midnight_daily_forecasts_diagnostic,Hybrid Seasonal-GBDT-Transformer,,0.625,4,1.0,43,4128,908,744,164,0.21996124031007752,0.18061674008810572,0.6486486486486487,1773.1671708515,1524.5870162165002,248.580154635,35.45551200503489,True
test_midnight_daily_forecasts_diagnostic,Hybrid Seasonal-GBDT-Transformer,,0.65,4,1.0,43,4128,861,718,143,0.20857558139534885,0.16608594657375145,0.6259808195292066,1687.9886566485002,1472.988465465,215.00019118350002,34.25554570848837,True
test_midnight_daily_forecasts_diagnostic,Hybrid Seasonal-GBDT-Transformer,,0.675,4,1.0,43,4128,833,698,135,0.20179263565891473,0.16206482593037214,0.6085440278988666,1610.7585427019999,1419.8558515175,190.90269118450001,33.01990352366279,True
test_midnight_daily_forecasts_diagnostic,Hybrid Seasonal-GBDT-Transformer,,0.7,4,1.0,43,4128,764,656,108,0.18507751937984496,0.14136125654450263,0.5719267654751525,1434.8274268335,1291.13469389775,143.69273293575003,30.02638823018023,True
test_midnight_daily_forecasts_diagnostic,Hybrid Seasonal-GBDT-Transformer,,0.725,4,1.0,43,4128,695,609,86,0.1683624031007752,0.1237410071942446,0.5309503051438536,1326.24832045425,1194.29948070775,131.9488397465,27.77440652808721,True
test_midnight_daily_forecasts_diagnostic,Hybrid Seasonal-GBDT-Transformer,,0.75,4,1.0,43,4128,638,566,72,0.15455426356589147,0.11285266457680251,0.4934612031386225,1208.85946127725,1091.585353255,117.27410802225,25.385705889651163,True
test_midnight_daily_forecasts_diagnostic,Hybrid Seasonal-GBDT-Transformer,,0.775,4,1.0,43,4128,571,507,64,0.1383236434108527,0.11208406304728546,0.4420226678291194,1060.960036623,953.8972443897501,107.06279223325001,22.18365684627326,True
test_midnight_daily_forecasts_diagnostic,Hybrid Seasonal-GBDT-Transformer,,0.8,4,1.0,43,4128,489,444,45,0.1184593023255814,0.09202453987730061,0.3870967741935484,932.272629394,855.55707217575,76.71555721825001,19.896676097110465,True
test_midnight_daily_forecasts_diagnostic,Hybrid Seasonal-GBDT-Transformer,,0.825,4,1.0,43,4128,394,369,25,0.09544573643410853,0.06345177664974619,0.3217088055797733,761.19200461075,709.9276111542499,51.2643934565,16.509944445447672,True
test_midnight_daily_forecasts_diagnostic,Hybrid Seasonal-GBDT-Transformer,,0.85,4,1.0,43,4128,334,322,12,0.0809108527131783,0.03592814371257485,0.2807323452484743,648.7328591202499,606.5658962192499,42.166962901,14.106183633005811,True
test_midnight_daily_forecasts_diagnostic,Hybrid Seasonal-GBDT-Transformer,,0.875,4,1.0,43,4128,259,259,0,0.0627422480620155,0.0,0.22580645161290322,490.1463795264999,490.1463795264999,0.0,11.398753012244184,True
test_midnight_daily_forecasts_diagnostic,Hybrid Seasonal-GBDT-Transformer,,0.9,4,1.0,43,4128,216,216,0,0.05232558139534884,0.0,0.18831734960767219,362.10016946625,362.10016946625,0.0,8.420934173633722,False
test_midnight_daily_forecasts_diagnostic,Hybrid Seasonal-GBDT-Transformer,,0.925,4,1.0,43,4128,136,136,0,0.03294573643410853,0.0,0.11857018308631212,231.0688333595,231.0688333595,0.0,5.373693799058139,False
test_midnight_daily_forecasts_diagnostic,Hybrid Seasonal-GBDT-Transformer,,0.95,4,1.0,43,4128,21,21,0,0.005087209302325582,0.0,0.018308631211857017,65.5693743135,65.5693743135,0.0,1.5248691700813954,False
test_midnight_daily_forecasts_diagnostic,Exploratory Hybrid Balanced Tree-Deep,,0.05,4,1.0,43,4128,2759,1133,1626,0.6683624031007752,0.5893439652047844,0.987794245858762,6756.114205508,2252.147932522,4503.966272985999,52.37553331446511,True
test_midnight_daily_forecasts_diagnostic,Exploratory Hybrid Balanced Tree-Deep,,0.075,4,1.0,43,4128,2521,1129,1392,0.6107073643410853,0.5521618405394685,0.984306887532694,5961.2754361295,2247.8144456795,3713.4609904500003,52.27475455068604,True
test_midnight_daily_forecasts_diagnostic,Exploratory Hybrid Balanced Tree-Deep,,0.1,4,1.0,43,4128,2304,1122,1182,0.5581395348837209,0.5130208333333334,0.978204010462075,5322.55676010525,2231.65264012275,3090.9041199825006,51.89889860750582,True
test_midnight_daily_forecasts_diagnostic,Exploratory Hybrid Balanced Tree-Deep,,0.125,4,1.0,43,4128,2151,1121,1030,0.5210755813953488,0.4788470478847048,0.977332170880558,4824.1333564685,2228.0930348602496,2596.04032160825,51.81611708977325,True
test_midnight_daily_forecasts_diagnostic,Exploratory Hybrid Balanced Tree-Deep,,0.15,4,1.0,43,4128,2064,1115,949,0.5,0.45978682170542634,0.972101133391456,4547.6202207105,2216.8295994034997,2330.790621307,51.55417673031395,True
test_midnight_daily_forecasts_diagnostic,Exploratory Hybrid Balanced Tree-Deep,,0.175,4,1.0,43,4128,1947,1107,840,0.47165697674418605,0.43143297380585516,0.96512641673932,4172.441917575,2188.08806431525,1984.3538532597502,50.88576893756395,True
test_midnight_daily_forecasts_diagnostic,Exploratory Hybrid Balanced Tree-Deep,,0.2,4,1.0,43,4128,1838,1099,739,0.44525193798449614,0.4020674646354733,0.958151700087184,3821.56131778175,2160.0239302745,1661.53738750725,50.23311465754651,True
test_midnight_daily_forecasts_diagnostic,Exploratory Hybrid Balanced Tree-Deep,,0.225,4,1.0,43,4128,1787,1096,691,0.4328972868217054,0.38668158925573587,0.955536181342633,3704.995688033,2149.2476729655,1555.7480150674999,49.98250402245349,True
test_midnight_daily_forecasts_diagnostic,Exploratory Hybrid Balanced Tree-Deep,,0.25,4,1.0,43,4128,1679,1080,599,0.406734496124031,0.3567599761762954,0.941586748038361,3345.5171318645002,2097.668967554,1247.8481643105001,48.782999245441864,True
test_midnight_daily_forecasts_diagnostic,Exploratory Hybrid Balanced Tree-Deep,,0.275,4,1.0,43,4128,1573,1056,517,0.3810562015503876,0.32867132867132864,0.9206625980819529,3116.9765105960005,2039.88601103475,1077.09049956125,47.439209558947674,True
test_midnight_daily_forecasts_diagnostic,Exploratory Hybrid Balanced Tree-Deep,,0.3,4,1.0,43,4128,1495,1027,468,0.36216085271317827,0.3130434782608696,0.8953792502179599,2921.72441716675,1957.60551487,964.1189022967501,45.52570964813953,True
test_midnight_daily_forecasts_diagnostic,Exploratory Hybrid Balanced Tree-Deep,,0.325,4,1.0,43,4128,1435,1008,427,0.34762596899224807,0.2975609756097561,0.8788142981691369,2771.3131148495004,1944.6771196175,826.635995232,45.22504929343023,True
test_midnight_daily_forecasts_diagnostic,Exploratory Hybrid Balanced Tree-Deep,,0.35,4,1.0,43,4128,1361,983,378,0.32969961240310075,0.2777369581190301,0.8570183086312119,2609.7474459590003,1916.0324329349996,693.715013024,44.55889378918604,True
test_midnight_daily_forecasts_diagnostic,Exploratory Hybrid Balanced Tree-Deep,,0.375,4,1.0,43,4128,1319,967,352,0.3195251937984496,0.266868840030326,0.8430688753269399,2542.8385877705005,1908.2327838122499,634.6058039582499,44.37750660028488,True
test_midnight_daily_forecasts_diagnostic,Exploratory Hybrid Balanced Tree-Deep,,0.4,4,1.0,43,4128,1281,948,333,0.31031976744186046,0.25995316159250587,0.8265039232781168,2468.93750586675,1872.7997370262499,596.1377688405,43.55348225642442,True
test_midnight_daily_forecasts_diagnostic,Exploratory Hybrid Balanced Tree-Deep,,0.425,4,1.0,43,4128,1225,911,314,0.2967538759689923,0.2563265306122449,0.7942458587619878,2337.892614376,1797.713391015,540.1792233609999,41.80728816313954,True
test_midnight_daily_forecasts_diagnostic,Exploratory Hybrid Balanced Tree-Deep,,0.45,4,1.0,43,4128,1176,878,298,0.28488372093023256,0.2534013605442177,0.7654751525719268,2241.7130900775,1734.5969338834998,507.11615619400004,40.33946357868604,True
test_midnight_daily_forecasts_diagnostic,Exploratory Hybrid Balanced Tree-Deep,,0.475,4,1.0,43,4128,1151,870,281,0.27882751937984496,0.24413553431798435,0.7585004359197908,2199.29658108725,1717.57390098825,481.72268009900006,39.94357909275,True
test_midnight_daily_forecasts_diagnostic,Exploratory Hybrid Balanced Tree-Deep,,0.5,4,1.0,43,4128,1117,857,260,0.2705910852713178,0.23276633840644584,0.7471665213600698,2137.3111838960003,1690.04321195875,447.26797193725,39.3033305106686,True
test_midnight_daily_forecasts_diagnostic,Exploratory Hybrid Balanced Tree-Deep,,0.525,4,1.0,43,4128,1086,834,252,0.26308139534883723,0.23204419889502761,0.7271142109851787,2101.2458677394998,1661.46218856475,439.78367917475,38.63865554801744,True
test_midnight_daily_forecasts_diagnostic,Exploratory Hybrid Balanced Tree-Deep,,0.55,4,1.0,43,4128,1046,810,236,0.25339147286821706,0.22562141491395793,0.7061900610287707,2062.50917191775,1634.724032659,427.78513925874995,38.01683796881395,True
test_midnight_daily_forecasts_diagnostic,Exploratory Hybrid Balanced Tree-Deep,,0.575,4,1.0,43,4128,999,784,215,0.24200581395348839,0.21521521521521522,0.6835222319093287,2006.2535683105,1605.1554454114998,401.09812289900003,37.3291964049186,True
test_midnight_daily_forecasts_diagnostic,Exploratory Hybrid Balanced Tree-Deep,,0.6,4,1.0,43,4128,970,767,203,0.23498062015503876,0.20927835051546392,0.6687009590235397,1947.06017692725,1578.9714576227502,368.0887193045,36.720266456343026,True
test_midnight_daily_forecasts_diagnostic,Exploratory Hybrid Balanced Tree-Deep,,0.625,4,1.0,43,4128,911,741,170,0.22068798449612403,0.18660812294182216,0.6460331299040977,1815.146162682,1522.95413025175,292.19203243025004,35.4175379128314,True
test_midnight_daily_forecasts_diagnostic,Exploratory Hybrid Balanced Tree-Deep,,0.65,4,1.0,43,4128,867,719,148,0.21002906976744187,0.1707035755478662,0.6268526591107236,1702.53133062975,1476.3733923675,226.15793826225,34.33426493877907,True
test_midnight_daily_forecasts_diagnostic,Exploratory Hybrid Balanced Tree-Deep,,0.675,4,1.0,43,4128,837,704,133,0.20276162790697674,0.15890083632019117,0.6137750653879687,1629.07123581125,1443.3017009752502,185.769534836,33.56515583663373,True
test_midnight_daily_forecasts_diagnostic,Exploratory Hybrid Balanced Tree-Deep,,0.7,4,1.0,43,4128,780,669,111,0.18895348837209303,0.1423076923076923,0.5832606800348736,1513.3209176135001,1368.3333308775,144.987586736,31.821705369244185,True
test_midnight_daily_forecasts_diagnostic,Exploratory Hybrid Balanced Tree-Deep,,0.725,4,1.0,43,4128,697,616,81,0.1688468992248062,0.11621233859397417,0.5370531822144725,1360.8220716595001,1233.3493108605,127.472760799,28.682542113034884,True
test_midnight_daily_forecasts_diagnostic,Exploratory Hybrid Balanced Tree-Deep,,0.75,4,1.0,43,4128,655,587,68,0.15867248062015504,0.10381679389312977,0.5117698343504795,1263.40016896825,1146.5260609460001,116.87410802225,26.66339676618605,True
test_midnight_daily_forecasts_diagnostic,Exploratory Hybrid Balanced Tree-Deep,,0.775,4,1.0,43,4128,577,517,60,0.13977713178294573,0.10398613518197573,0.45074106364428945,1075.437171125,969.4620543305001,105.9751167945,22.545629170476747,False
test_midnight_daily_forecasts_diagnostic,Exploratory Hybrid Balanced Tree-Deep,,0.8,4,1.0,43,4128,485,445,40,0.11749031007751938,0.08247422680412371,0.38796861377506536,936.7783475952501,850.0374778770001,86.74086971825001,19.768313439000003,True
test_midnight_daily_forecasts_diagnostic,Exploratory Hybrid Balanced Tree-Deep,,0.825,4,1.0,43,4128,397,376,21,0.09617248062015504,0.05289672544080604,0.32781168265039234,785.4373967555,726.13731272575,59.30008402975,16.886914249436046,True
test_midnight_daily_forecasts_diagnostic,Exploratory Hybrid Balanced Tree-Deep,,0.85,4,1.0,43,4128,333,323,10,0.0806686046511628,0.03003003003003003,0.2816041848299913,668.352116431,626.50015353,41.851962901,14.569771012325582,True
test_midnight_daily_forecasts_diagnostic,Exploratory Hybrid Balanced Tree-Deep,,0.875,4,1.0,43,4128,256,256,0,0.06201550387596899,0.0,0.22319093286835223,446.5471032095,446.5471032095,0.0,10.384816353709303,True
test_midnight_daily_forecasts_diagnostic,Exploratory Hybrid Balanced Tree-Deep,,0.9,4,1.0,43,4128,204,204,0,0.04941860465116279,0.0,0.17785527462946818,325.98367769600003,325.98367769600003,0.0,7.581015760372094,False
test_midnight_daily_forecasts_diagnostic,Exploratory Hybrid Balanced Tree-Deep,,0.925,4,1.0,43,4128,125,125,0,0.030281007751937983,0.0,0.10897994768962511,224.54149380299998,224.54149380299998,0.0,5.22189520472093,False
test_midnight_daily_forecasts_diagnostic,Exploratory Hybrid Balanced Tree-Deep,,0.95,4,1.0,43,4128,14,14,0,0.003391472868217054,0.0,0.012205754141238012,57.742851652750005,57.742851652750005,0.0,1.3428570151802326,False
